{
"type": "FeatureCollection",
"name": "pb2002_plates_decimated",
"crs": { "type": "name", "properties": { "name": "urn:ogc:def:crs:OGC:1.3:CRS84" } },
"xy_coordinate_resolution": 0.001,
"features": [
{ "type": "Feature", "properties": { "Code": "AF" }, "geometry": { "type": "Polygon", "coordinates": [ [ [ -1.382, -54.053 ], [ -2.372, -54.327 ], [ -3.956, -51.979 ], [ -4.238, -52.049 ], [ -5.169, -50.216 ], [ -7.159, -50.61 ], [ -7.433, -50.001 ], [ -7.638, -50.059 ], [ -8.139, -48.961 ], [ -9.71, -49.216 ], [ -10.483, -47.126 ], [ -13.325, -47.578 ], [ -13.81, -45.797 ], [ -14.715, -45.898 ], [ -14.894, -45.371 ], [ -15.594, -45.476 ], [ -16.33, -43.387 ], [ -16.43, -42.868 ], [ -16.215, -42.338 ], [ -16.332, -41.806 ], [ -16.678, -41.519 ], [ -16.867, -40.366 ], [ -16.47, -40.273 ], [ -16.415, -39.79 ], [ -15.922, -39.681 ], [ -16.044, -38.883 ], [ -16.361, -38.558 ], [ -16.798, -38.401 ], [ -17.05, -38.447 ], [ -17.388, -38.025 ], [ -17.533, -37.472 ], [ -17.233, -37.374 ], [ -17.44, -36.562 ], [ -17.085, -36.472 ], [ -17.703, -35.663 ], [ -15.1, -35.182 ], [ -15.266, -34.77 ], [ -15.083, -34.69 ], [ -15.274, -34.238 ], [ -14.515, -34.043 ], [ -14.702, -33.569 ], [ -14.367, -33.499 ], [ -14.523, -32.4 ], [ -13.245, -32.143 ], [ -13.499, -31.179 ], [ -13.367, -31.157 ], [ -13.716, -29.828 ], [ -13.82, -29.851 ], [ -13.99, -29.251 ], [ -12.533, -28.941 ], [ -12.746, -28.213 ], [ -13.272, -28.321 ], [ -13.69, -26.564 ], [ -13.816, -26.586 ], [ -14.048, -25.738 ], [ -13.663, -25.648 ], [ -13.811, -24.887 ], [ -13.28, -24.777 ], [ -13.57, -23.514 ], [ -13.664, -23.544 ], [ -13.829, -22.829 ], [ -12.851, -22.63 ], [ -12.91, -22.379 ], [ -11.819, -22.153 ], [ -11.936, -21.752 ], [ -11.849, -21.735 ], [ -12.007, -21.209 ], [ -11.763, -21.176 ], [ -11.971, -20.299 ], [ -11.852, -20.278 ], [ -11.945, -19.825 ], [ -12.263, -19.935 ], [ -12.477, -18.746 ], [ -12.759, -18.784 ], [ -12.96, -17.79 ], [ -14.079, -17.995 ], [ -14.369, -16.777 ], [ -14.238, -16.764 ], [ -14.302, -16.433 ], [ -13.239, -16.212 ], [ -13.383, -15.688 ], [ -13.226, -15.663 ], [ -13.643, -14.035 ], [ -14.478, -14.208 ], [ -14.6, -13.265 ], [ -14.41, -13.218 ], [ -14.55, -12.577 ], [ -14.791, -12.656 ], [ -15.006, -11.885 ], [ -13.031, -11.421 ], [ -13.315, -9.825 ], [ -13.166, -9.794 ], [ -13.248, -9.276 ], [ -13.023, -9.225 ], [ -13.191, -8.374 ], [ -13.357, -8.411 ], [ -13.621, -7.367 ], [ -11.18, -6.755 ], [ -11.267, -6.02 ], [ -11.022, -5.93 ], [ -11.167, -5.377 ], [ -11.516, -5.415 ], [ -11.604, -4.942 ], [ -12.018, -5.026 ], [ -12.144, -4.609 ], [ -12.039, -4.587 ], [ -12.097, -4.103 ], [ -11.765, -3.972 ], [ -12.029, -3.013 ], [ -11.834, -2.855 ], [ -12.164, -1.945 ], [ -12.701, -2.099 ], [ -13.158, -0.915 ], [ -15.41, -1.493 ], [ -15.565, -1.073 ], [ -15.841, -1.143 ], [ -16.037, -0.52 ], [ -16.252, -0.556 ], [ -16.498, 0.299 ], [ -21.544, -0.68 ], [ -24.612, -1.103 ], [ -25.029, 0.614 ], [ -26.289, 0.498 ], [ -26.474, 1.159 ], [ -29.92, 0.797 ], [ -30.027, 1.607 ], [ -30.736, 1.643 ], [ -30.962, 4.061 ], [ -32.862, 3.96 ], [ -32.978, 5.647 ], [ -33.507, 5.649 ], [ -33.514, 6.076 ], [ -33.62, 6.104 ], [ -33.624, 6.618 ], [ -35.363, 6.614 ], [ -35.366, 6.935 ], [ -36.047, 7.023 ], [ -36.058, 7.363 ], [ -36.851, 7.401 ], [ -36.865, 7.654 ], [ -38.206, 7.703 ], [ -38.221, 8.14 ], [ -40.141, 8.215 ], [ -40.12, 8.815 ], [ -40.652, 8.841 ], [ -40.64, 9.373 ], [ -40.865, 9.389 ], [ -40.861, 9.973 ], [ -41.083, 9.979 ], [ -41.087, 10.787 ], [ -43.921, 10.927 ], [ -43.884, 12.085 ], [ -44.277, 12.101 ], [ -44.262, 12.626 ], [ -45.037, 12.68 ], [ -45.061, 13.992 ], [ -45.142, 14.026 ], [ -45.13, 15.267 ], [ -46.766, 15.451 ], [ -46.529, 16.587 ], [ -46.589, 16.607 ], [ -46.407, 17.566 ], [ -46.52, 17.588 ], [ -46.391, 18.422 ], [ -46.318, 18.422 ], [ -45.774, 20.618 ], [ -45.557, 20.596 ], [ -45.419, 21.222 ], [ -45.515, 21.247 ], [ -45.385, 21.822 ], [ -45.248, 21.806 ], [ -44.924, 23.646 ], [ -46.476, 23.917 ], [ -46.196, 24.597 ], [ -46.119, 24.59 ], [ -45.791, 25.254 ], [ -45.499, 25.192 ], [ -45.092, 26.081 ], [ -44.899, 26.055 ], [ -44.506, 27.254 ], [ -44.383, 27.236 ], [ -44.022, 28.107 ], [ -43.942, 28.105 ], [ -43.563, 28.811 ], [ -43.483, 28.802 ], [ -43.037, 29.471 ], [ -42.729, 30.07 ], [ -42.136, 29.973 ], [ -41.43, 31.237 ], [ -41.184, 31.194 ], [ -40.71, 31.817 ], [ -40.553, 31.803 ], [ -39.7, 33.084 ], [ -39.586, 33.067 ], [ -39.399, 33.768 ], [ -37.797, 33.501 ], [ -37.678, 33.736 ], [ -37.533, 33.705 ], [ -37.046, 34.567 ], [ -36.862, 34.554 ], [ -36.785, 34.712 ], [ -36.623, 34.693 ], [ -36.373, 35.28 ], [ -34.746, 35.01 ], [ -34.459, 35.625 ], [ -34.335, 35.616 ], [ -34.142, 36.079 ], [ -34.057, 36.071 ], [ -33.982, 36.221 ], [ -33.772, 36.185 ], [ -33.595, 36.742 ], [ -33.313, 36.691 ], [ -33.225, 36.941 ], [ -33.005, 36.916 ], [ -32.943, 37.065 ], [ -32.708, 37.033 ], [ -32.646, 37.176 ], [ -32.395, 37.137 ], [ -32.283, 37.392 ], [ -31.516, 37.282 ], [ -31.371, 37.705 ], [ -31.071, 37.68 ], [ -30.605, 38.403 ], [ -30.43, 38.388 ], [ -29.909, 39.387 ], [ -29.26, 39.25 ], [ -28.895, 39.412 ], [ -28.619, 39.121 ], [ -28.484, 39.156 ], [ -28.292, 38.939 ], [ -27.793, 39.0 ], [ -27.484, 38.782 ], [ -27.239, 38.78 ], [ -26.83, 38.278 ], [ -26.718, 38.42 ], [ -26.302, 38.047 ], [ -26.171, 38.036 ], [ -25.916, 37.839 ], [ -25.808, 37.878 ], [ -25.633, 37.723 ], [ -25.538, 37.818 ], [ -25.355, 37.663 ], [ -25.267, 37.769 ], [ -24.891, 37.584 ], [ -24.667, 37.411 ], [ -24.749, 37.217 ], [ -24.311, 36.793 ], [ -23.57, 36.646 ], [ -19.682, 37.025 ], [ -18.124, 37.466 ], [ -17.584, 37.503 ], [ -15.386, 37.212 ], [ -15.143, 37.021 ], [ -13.675, 37.395 ], [ -12.142, 36.328 ], [ -11.585, 35.851 ], [ -10.923, 36.098 ], [ -9.977, 36.651 ], [ -6.064, 34.784 ], [ -6.0, 34.263 ], [ -5.808, 34.019 ], [ -5.397, 33.985 ], [ -4.056, 34.199 ], [ -3.782, 35.014 ], [ -3.749, 35.596 ], [ -2.893, 36.018 ], [ -2.573, 36.105 ], [ -1.516, 35.771 ], [ -0.748, 35.776 ], [ 0.667, 36.072 ], [ 1.97, 36.503 ], [ 3.454, 36.851 ], [ 5.974, 37.154 ], [ 6.784, 37.322 ], [ 7.805, 37.358 ], [ 8.265, 37.468 ], [ 8.627, 37.79 ], [ 8.942, 38.212 ], [ 10.089, 38.572 ], [ 10.827, 38.994 ], [ 11.118, 39.067 ], [ 11.659, 39.033 ], [ 11.778, 38.934 ], [ 12.434, 38.849 ], [ 12.708, 38.6 ], [ 13.812, 38.625 ], [ 14.515, 38.765 ], [ 15.175, 38.292 ], [ 15.499, 38.401 ], [ 15.639, 38.299 ], [ 15.344, 37.615 ], [ 15.375, 37.34 ], [ 15.832, 37.274 ], [ 16.824, 37.399 ], [ 17.168, 37.503 ], [ 17.42, 37.701 ], [ 17.845, 38.462 ], [ 18.031, 38.516 ], [ 18.086, 38.794 ], [ 17.96, 39.17 ], [ 19.584, 38.272 ], [ 20.0, 37.908 ], [ 20.3, 37.804 ], [ 20.76, 37.098 ], [ 21.327, 36.629 ], [ 21.893, 35.933 ], [ 22.866, 35.437 ], [ 23.874, 34.628 ], [ 24.593, 34.34 ], [ 26.465, 34.198 ], [ 27.227, 34.335 ], [ 27.685, 34.706 ], [ 28.779, 35.312 ], [ 29.731, 35.427 ], [ 30.221, 35.154 ], [ 32.172, 34.487 ], [ 33.101, 34.29 ], [ 33.735, 34.302 ], [ 35.791, 35.689 ], [ 36.413, 36.023 ], [ 36.325, 34.482 ], [ 35.726, 33.71 ], [ 35.47, 32.004 ], [ 34.952, 30.0 ], [ 34.257, 27.885 ], [ 34.547, 27.262 ], [ 35.889, 25.484 ], [ 36.571, 23.639 ], [ 37.043, 23.226 ], [ 37.54, 22.495 ], [ 37.825, 21.843 ], [ 38.075, 20.389 ], [ 38.396, 19.908 ], [ 39.298, 19.03 ], [ 39.59, 18.419 ], [ 39.987, 17.949 ], [ 40.331, 17.266 ], [ 40.172, 16.304 ], [ 39.671, 15.772 ], [ 39.777, 15.138 ], [ 40.614, 13.742 ], [ 40.091, 13.209 ], [ 40.507, 12.6 ], [ 41.206, 11.811 ], [ 41.649, 12.189 ], [ 42.033, 11.577 ], [ 41.442, 11.317 ], [ 40.792, 10.146 ], [ 40.107, 9.446 ], [ 38.115, 6.998 ], [ 37.583, 5.956 ], [ 36.914, 5.958 ], [ 36.29, 5.009 ], [ 32.227, 5.717 ], [ 31.279, 4.477 ], [ 30.471, 4.235 ], [ 30.478, 2.812 ], [ 31.62, 2.483 ], [ 30.625, 1.437 ], [ 29.867, 0.06 ], [ 29.392, -1.313 ], [ 28.868, -2.306 ], [ 28.953, -3.962 ], [ 29.609, -5.151 ], [ 29.6, -6.099 ], [ 30.493, -7.483 ], [ 31.592, -7.778 ], [ 32.643, -8.546 ], [ 33.556, -8.741 ], [ 34.081, -10.455 ], [ 34.709, -11.027 ], [ 34.172, -12.406 ], [ 34.071, -13.167 ], [ 34.853, -14.549 ], [ 34.604, -15.834 ], [ 35.199, -16.833 ], [ 35.2, -17.975 ], [ 34.599, -18.356 ], [ 33.282, -19.681 ], [ 33.11, -21.344 ], [ 29.29, -22.491 ], [ 27.489, -24.404 ], [ 27.905, -26.176 ], [ 26.596, -26.768 ], [ 26.594, -28.187 ], [ 27.769, -29.06 ], [ 28.922, -30.635 ], [ 29.656, -31.236 ], [ 33.474, -34.173 ], [ 37.562, -36.984 ], [ 35.528, -41.254 ], [ 33.678, -44.561 ], [ 32.126, -47.0 ], [ 31.865, -47.201 ], [ 30.705, -49.011 ], [ 30.362, -49.215 ], [ 29.712, -49.933 ], [ 28.605, -51.772 ], [ 28.111, -52.904 ], [ 27.48, -52.771 ], [ 27.322, -52.547 ], [ 26.713, -52.378 ], [ 26.513, -52.62 ], [ 26.181, -53.429 ], [ 25.987, -53.582 ], [ 25.648, -53.41 ], [ 25.18, -53.444 ], [ 24.873, -53.345 ], [ 24.685, -53.421 ], [ 23.021, -53.2 ], [ 23.075, -53.098 ], [ 19.994, -52.817 ], [ 18.713, -52.553 ], [ 18.537, -52.734 ], [ 15.822, -51.787 ], [ 15.112, -52.307 ], [ 14.463, -51.997 ], [ 13.788, -52.477 ], [ 12.895, -51.963 ], [ 10.975, -53.332 ], [ 9.993, -52.792 ], [ 7.772, -54.396 ], [ 6.625, -53.814 ], [ 5.495, -54.543 ], [ 4.827, -54.162 ], [ 4.415, -54.43 ], [ 3.025, -53.651 ], [ 0.965, -54.832 ], [ 0.443, -54.451 ], [ -0.438, -54.852 ], [ -1.382, -54.053 ] ] ] } },
{ "type": "Feature", "properties": { "Code": "AN" }, "geometry": { "type": "Polygon", "coordinates": [ [ [ 180.0, -90.0 ], [ -180.0, -90.0 ], [ -180.0, -65.749 ], [ -178.793, -66.163 ], [ -175.729, -65.183 ], [ -174.418, -65.835 ], [ -171.3, -64.356 ], [ -170.043, -64.859 ], [ -166.608, -62.49 ], [ -163.921, -63.467 ], [ -162.061, -62.394 ], [ -160.43, -62.923 ], [ -159.888, -62.595 ], [ -158.703, -63.004 ], [ -158.394, -62.788 ], [ -156.717, -63.324 ], [ -156.022, -62.952 ], [ -154.324, -61.776 ], [ -154.181, -61.836 ], [ -151.329, -59.469 ], [ -150.382, -59.718 ], [ -148.276, -58.13 ], [ -147.692, -57.555 ], [ -147.167, -57.638 ], [ -144.857, -55.784 ], [ -142.086, -56.619 ], [ -140.325, -57.053 ], [ -139.545, -56.268 ], [ -139.191, -55.725 ], [ -139.578, -55.615 ], [ -137.89, -53.568 ], [ -136.59, -53.907 ], [ -136.18, -53.396 ], [ -128.624, -55.321 ], [ -127.231, -55.565 ], [ -126.8, -55.064 ], [ -126.197, -55.138 ], [ -125.077, -55.454 ], [ -121.862, -56.026 ], [ -121.635, -55.832 ], [ -120.663, -54.41 ], [ -118.581, -54.818 ], [ -118.037, -53.691 ], [ -117.661, -53.124 ], [ -118.977, -52.897 ], [ -118.422, -52.212 ], [ -117.225, -50.418 ], [ -116.388, -49.367 ], [ -113.875, -49.849 ], [ -112.426, -45.854 ], [ -112.675, -45.833 ], [ -112.216, -44.381 ], [ -111.349, -42.2 ], [ -110.954, -42.249 ], [ -110.677, -40.164 ], [ -110.391, -38.986 ], [ -111.27, -38.978 ], [ -110.471, -36.41 ], [ -110.739, -36.358 ], [ -110.579, -35.83 ], [ -110.895, -35.797 ], [ -110.827, -35.091 ], [ -110.527, -35.061 ], [ -109.691, -34.609 ], [ -109.259, -34.545 ], [ -108.797, -35.132 ], [ -100.645, -36.063 ], [ -97.402, -36.294 ], [ -97.413, -36.871 ], [ -94.13, -37.001 ], [ -93.996, -38.482 ], [ -93.075, -38.429 ], [ -93.022, -38.967 ], [ -91.658, -38.866 ], [ -91.391, -41.102 ], [ -90.088, -41.058 ], [ -90.054, -41.432 ], [ -87.417, -41.273 ], [ -87.336, -41.521 ], [ -83.827, -41.125 ], [ -83.447, -42.981 ], [ -82.509, -42.861 ], [ -82.351, -43.639 ], [ -81.935, -44.964 ], [ -80.281, -44.782 ], [ -78.206, -44.411 ], [ -77.99, -45.092 ], [ -77.661, -45.76 ], [ -76.675, -45.643 ], [ -76.006, -45.658 ], [ -75.997, -47.08 ], [ -76.65, -47.875 ], [ -76.925, -48.506 ], [ -77.024, -49.192 ], [ -76.99, -49.845 ], [ -76.312, -52.928 ], [ -75.72, -53.941 ], [ -74.749, -54.645 ], [ -72.995, -55.665 ], [ -71.548, -56.255 ], [ -70.401, -56.622 ], [ -68.097, -57.072 ], [ -67.102, -57.502 ], [ -64.617, -57.959 ], [ -63.571, -58.359 ], [ -61.04, -59.01 ], [ -58.223, -59.999 ], [ -56.925, -60.565 ], [ -57.494, -60.855 ], [ -59.836, -61.177 ], [ -60.65, -61.363 ], [ -63.969, -62.422 ], [ -63.292, -62.825 ], [ -62.42, -63.001 ], [ -61.75, -63.293 ], [ -56.306, -62.063 ], [ -55.436, -61.687 ], [ -54.301, -61.51 ], [ -53.122, -61.037 ], [ -51.119, -60.572 ], [ -50.887, -60.094 ], [ -46.963, -59.96 ], [ -42.067, -60.501 ], [ -41.214, -60.975 ], [ -39.827, -60.634 ], [ -39.093, -61.018 ], [ -36.418, -61.392 ], [ -32.367, -60.409 ], [ -27.697, -60.617 ], [ -26.071, -60.391 ], [ -24.107, -60.692 ], [ -19.581, -60.811 ], [ -19.37, -60.289 ], [ -18.646, -60.25 ], [ -18.432, -59.542 ], [ -18.123, -59.509 ], [ -18.06, -59.153 ], [ -16.41, -59.098 ], [ -15.971, -58.439 ], [ -7.009, -57.869 ], [ -6.999, -57.318 ], [ -6.13, -57.24 ], [ -6.057, -56.672 ], [ -4.693, -56.592 ], [ -4.691, -55.807 ], [ -1.614, -55.653 ], [ -1.606, -55.129 ], [ -0.438, -54.852 ], [ 0.443, -54.451 ], [ 0.965, -54.832 ], [ 3.025, -53.651 ], [ 4.415, -54.43 ], [ 4.827, -54.162 ], [ 5.495, -54.543 ], [ 6.625, -53.814 ], [ 7.772, -54.396 ], [ 9.993, -52.792 ], [ 10.975, -53.332 ], [ 12.895, -51.963 ], [ 13.788, -52.477 ], [ 14.463, -51.997 ], [ 15.112, -52.307 ], [ 15.822, -51.787 ], [ 18.537, -52.734 ], [ 18.713, -52.553 ], [ 19.994, -52.817 ], [ 23.075, -53.098 ], [ 23.021, -53.2 ], [ 24.685, -53.421 ], [ 24.873, -53.345 ], [ 25.18, -53.444 ], [ 25.648, -53.41 ], [ 25.987, -53.582 ], [ 26.181, -53.429 ], [ 26.513, -52.62 ], [ 26.713, -52.378 ], [ 27.322, -52.547 ], [ 27.48, -52.771 ], [ 28.111, -52.904 ], [ 28.605, -51.772 ], [ 29.712, -49.933 ], [ 30.362, -49.215 ], [ 30.705, -49.011 ], [ 31.865, -47.201 ], [ 32.126, -47.0 ], [ 33.174, -47.264 ], [ 33.54, -46.346 ], [ 33.818, -45.979 ], [ 34.267, -46.212 ], [ 34.504, -46.222 ], [ 34.704, -45.971 ], [ 35.015, -45.106 ], [ 35.182, -44.855 ], [ 36.303, -44.966 ], [ 37.086, -44.804 ], [ 37.508, -44.875 ], [ 38.083, -44.619 ], [ 38.338, -44.055 ], [ 39.073, -44.165 ], [ 39.459, -43.286 ], [ 41.558, -43.579 ], [ 41.812, -42.655 ], [ 42.469, -42.73 ], [ 42.873, -40.85 ], [ 44.009, -40.915 ], [ 44.023, -40.671 ], [ 44.686, -40.691 ], [ 44.716, -40.369 ], [ 45.303, -40.366 ], [ 45.332, -40.108 ], [ 46.074, -40.119 ], [ 46.244, -38.87 ], [ 48.023, -38.651 ], [ 48.017, -38.478 ], [ 48.633, -38.014 ], [ 49.034, -38.0 ], [ 49.037, -37.792 ], [ 49.945, -37.79 ], [ 49.962, -37.597 ], [ 50.823, -37.58 ], [ 50.827, -37.451 ], [ 52.283, -37.432 ], [ 52.338, -36.162 ], [ 53.467, -36.141 ], [ 53.471, -35.517 ], [ 54.216, -35.302 ], [ 54.255, -34.542 ], [ 55.275, -34.56 ], [ 55.301, -34.287 ], [ 55.699, -34.235 ], [ 55.738, -33.653 ], [ 57.061, -33.554 ], [ 57.153, -31.771 ], [ 58.456, -31.691 ], [ 58.53, -31.055 ], [ 59.167, -31.05 ], [ 59.188, -30.567 ], [ 60.763, -30.531 ], [ 60.81, -28.931 ], [ 61.532, -28.92 ], [ 61.518, -28.777 ], [ 62.162, -28.811 ], [ 62.135, -28.49 ], [ 62.746, -28.458 ], [ 62.703, -28.152 ], [ 63.211, -28.164 ], [ 63.194, -28.021 ], [ 63.621, -28.039 ], [ 63.604, -27.831 ], [ 65.332, -27.812 ], [ 65.348, -27.514 ], [ 66.359, -27.514 ], [ 66.373, -27.281 ], [ 67.129, -27.269 ], [ 67.156, -26.867 ], [ 67.424, -26.87 ], [ 67.433, -26.571 ], [ 67.962, -26.583 ], [ 67.979, -26.291 ], [ 68.622, -26.262 ], [ 68.598, -26.121 ], [ 68.82, -26.141 ], [ 68.829, -26.009 ], [ 69.15, -25.993 ], [ 69.138, -25.784 ], [ 69.46, -25.782 ], [ 69.49, -25.676 ], [ 69.96, -25.651 ], [ 70.409, -26.06 ], [ 70.665, -25.912 ], [ 70.994, -26.187 ], [ 71.135, -26.083 ], [ 71.58, -26.454 ], [ 71.717, -26.386 ], [ 72.066, -26.656 ], [ 72.008, -26.718 ], [ 72.92, -27.573 ], [ 73.123, -27.446 ], [ 73.4, -27.655 ], [ 73.534, -27.57 ], [ 74.406, -28.317 ], [ 74.192, -28.541 ], [ 74.994, -29.264 ], [ 74.938, -29.328 ], [ 75.554, -29.839 ], [ 75.364, -30.006 ], [ 75.515, -30.118 ], [ 75.393, -30.24 ], [ 76.205, -30.906 ], [ 76.148, -30.97 ], [ 76.689, -31.465 ], [ 76.395, -31.719 ], [ 78.086, -33.194 ], [ 77.352, -33.838 ], [ 78.804, -35.161 ], [ 78.201, -35.683 ], [ 79.184, -36.511 ], [ 78.021, -37.483 ], [ 78.706, -38.001 ], [ 78.182, -38.393 ], [ 78.529, -38.659 ], [ 78.073, -39.005 ], [ 78.384, -39.262 ], [ 78.002, -39.538 ], [ 78.425, -39.905 ], [ 77.825, -40.326 ], [ 78.484, -40.866 ], [ 78.659, -40.872 ], [ 79.99, -41.892 ], [ 80.932, -41.13 ], [ 83.439, -42.89 ], [ 85.859, -40.834 ], [ 88.06, -41.997 ], [ 88.488, -41.686 ], [ 91.686, -43.199 ], [ 95.041, -44.619 ], [ 94.926, -44.805 ], [ 96.698, -45.471 ], [ 95.842, -46.52 ], [ 99.624, -47.978 ], [ 100.202, -47.266 ], [ 103.321, -48.227 ], [ 106.554, -49.101 ], [ 106.692, -48.841 ], [ 108.285, -49.182 ], [ 108.24, -49.259 ], [ 110.472, -49.779 ], [ 111.129, -49.8 ], [ 111.666, -50.084 ], [ 112.967, -50.2 ], [ 114.024, -50.388 ], [ 114.362, -49.878 ], [ 115.5, -49.974 ], [ 115.988, -49.852 ], [ 116.256, -49.54 ], [ 116.635, -49.271 ], [ 118.194, -49.865 ], [ 118.547, -49.802 ], [ 120.273, -50.036 ], [ 120.842, -48.89 ], [ 121.555, -49.006 ], [ 121.437, -49.62 ], [ 122.224, -49.846 ], [ 122.797, -49.729 ], [ 123.013, -49.542 ], [ 123.328, -49.585 ], [ 124.007, -48.906 ], [ 124.213, -48.848 ], [ 124.992, -49.153 ], [ 125.262, -49.598 ], [ 125.896, -49.717 ], [ 126.434, -48.63 ], [ 127.313, -48.764 ], [ 127.143, -49.976 ], [ 130.569, -50.525 ], [ 131.256, -50.604 ], [ 131.515, -50.222 ], [ 135.026, -50.384 ], [ 135.246, -50.209 ], [ 139.645, -50.279 ], [ 139.813, -51.838 ], [ 140.323, -51.798 ], [ 140.659, -53.885 ], [ 142.25, -54.215 ], [ 143.778, -54.234 ], [ 144.282, -54.798 ], [ 146.881, -54.695 ], [ 147.902, -57.566 ], [ 148.806, -57.436 ], [ 150.006, -59.57 ], [ 150.733, -59.475 ], [ 151.29, -60.413 ], [ 153.639, -59.93 ], [ 154.981, -61.429 ], [ 156.457, -62.914 ], [ 161.228, -61.457 ], [ 161.975, -61.763 ], [ 163.202, -62.66 ], [ 165.103, -62.077 ], [ 166.858, -63.221 ], [ 169.238, -62.446 ], [ 170.068, -62.972 ], [ 172.164, -64.097 ], [ 173.631, -64.738 ], [ 175.582, -63.984 ], [ 177.889, -64.975 ], [ 180.0, -65.749 ], [ 180.0, -90.0 ] ] ] } },
{ "type": "Feature", "properties": { "Code": "SO" }, "geometry": { "type": "Polygon", "coordinates": [ [ [ 33.678, -44.561 ], [ 35.09, -42.103 ], [ 37.562, -36.984 ], [ 33.474, -34.173 ], [ 29.656, -31.236 ], [ 28.922, -30.635 ], [ 27.769, -29.06 ], [ 26.594, -28.187 ], [ 26.596, -26.768 ], [ 27.905, -26.176 ], [ 27.489, -24.404 ], [ 29.29, -22.491 ], [ 33.11, -21.344 ], [ 33.282, -19.681 ], [ 34.599, -18.356 ], [ 35.2, -17.975 ], [ 35.199, -16.833 ], [ 34.604, -15.834 ], [ 34.853, -14.549 ], [ 34.071, -13.167 ], [ 34.172, -12.406 ], [ 34.709, -11.027 ], [ 34.081, -10.455 ], [ 33.556, -8.741 ], [ 32.643, -8.546 ], [ 31.592, -7.778 ], [ 30.493, -7.483 ], [ 29.6, -6.099 ], [ 29.609, -5.151 ], [ 28.953, -3.962 ], [ 28.868, -2.306 ], [ 29.392, -1.313 ], [ 29.867, 0.06 ], [ 30.625, 1.437 ], [ 31.62, 2.483 ], [ 30.478, 2.812 ], [ 30.471, 4.235 ], [ 31.279, 4.477 ], [ 32.227, 5.717 ], [ 36.29, 5.009 ], [ 36.914, 5.958 ], [ 37.583, 5.956 ], [ 38.115, 6.998 ], [ 40.107, 9.446 ], [ 40.792, 10.146 ], [ 41.442, 11.317 ], [ 42.033, 11.577 ], [ 43.65, 12.013 ], [ 45.281, 11.998 ], [ 45.328, 12.053 ], [ 45.522, 11.983 ], [ 45.637, 12.159 ], [ 46.11, 12.058 ], [ 46.198, 12.172 ], [ 46.429, 12.088 ], [ 46.579, 12.292 ], [ 46.849, 12.211 ], [ 46.992, 12.403 ], [ 47.13, 12.359 ], [ 47.161, 12.463 ], [ 47.539, 12.369 ], [ 47.649, 12.519 ], [ 47.901, 12.461 ], [ 48.048, 12.671 ], [ 48.349, 12.573 ], [ 48.448, 12.729 ], [ 48.699, 12.658 ], [ 48.882, 12.908 ], [ 49.278, 12.802 ], [ 49.68, 13.313 ], [ 50.167, 13.123 ], [ 50.31, 13.313 ], [ 50.573, 13.218 ], [ 50.662, 13.362 ], [ 51.253, 13.122 ], [ 52.139, 14.689 ], [ 52.667, 14.562 ], [ 52.737, 14.681 ], [ 53.863, 14.351 ], [ 54.069, 14.772 ], [ 54.451, 14.621 ], [ 54.549, 14.87 ], [ 55.047, 14.712 ], [ 55.108, 14.851 ], [ 55.631, 14.681 ], [ 56.265, 14.623 ], [ 56.819, 14.302 ], [ 56.762, 14.208 ], [ 57.037, 14.068 ], [ 56.969, 13.937 ], [ 57.81, 13.451 ], [ 57.639, 13.138 ], [ 58.239, 12.746 ], [ 56.919, 9.971 ], [ 56.978, 9.857 ], [ 57.261, 9.681 ], [ 57.491, 9.942 ], [ 58.063, 9.532 ], [ 58.018, 9.45 ], [ 58.263, 9.293 ], [ 58.148, 9.09 ], [ 58.43, 8.863 ], [ 58.251, 8.647 ], [ 58.918, 8.167 ], [ 58.88, 8.097 ], [ 59.309, 7.768 ], [ 59.22, 7.673 ], [ 60.179, 6.951 ], [ 60.038, 6.767 ], [ 61.657, 5.49 ], [ 61.529, 5.262 ], [ 63.002, 4.108 ], [ 62.868, 3.893 ], [ 63.331, 3.631 ], [ 63.388, 3.7 ], [ 63.819, 3.482 ], [ 63.89, 3.602 ], [ 64.618, 3.217 ], [ 64.682, 3.299 ], [ 65.213, 2.921 ], [ 65.489, 3.299 ], [ 66.38, 2.752 ], [ 65.992, 2.052 ], [ 66.673, 1.621 ], [ 66.493, 1.331 ], [ 66.87, 1.068 ], [ 66.657, 0.722 ], [ 67.159, 0.337 ], [ 66.839, -0.039 ], [ 67.209, -0.34 ], [ 67.023, -0.578 ], [ 67.662, -1.04 ], [ 67.367, -1.44 ], [ 67.929, -1.913 ], [ 67.788, -2.088 ], [ 68.249, -2.54 ], [ 67.892, -2.888 ], [ 68.667, -3.771 ], [ 68.349, -4.118 ], [ 68.751, -4.549 ], [ 68.199, -5.042 ], [ 68.607, -5.472 ], [ 67.782, -6.259 ], [ 68.274, -6.811 ], [ 67.811, -7.252 ], [ 68.073, -7.648 ], [ 67.642, -8.027 ], [ 68.039, -8.492 ], [ 67.09, -9.27 ], [ 67.378, -9.63 ], [ 66.46, -10.35 ], [ 66.787, -10.762 ], [ 66.167, -11.21 ], [ 66.418, -11.559 ], [ 65.698, -12.018 ], [ 66.369, -12.833 ], [ 65.821, -13.268 ], [ 66.21, -13.777 ], [ 65.928, -13.979 ], [ 67.383, -15.942 ], [ 67.033, -16.139 ], [ 67.411, -16.659 ], [ 65.007, -18.058 ], [ 66.428, -20.078 ], [ 66.751, -19.87 ], [ 67.04, -20.218 ], [ 67.31, -20.072 ], [ 67.593, -20.369 ], [ 67.768, -20.28 ], [ 67.897, -20.469 ], [ 68.213, -20.291 ], [ 68.559, -20.712 ], [ 68.277, -20.878 ], [ 69.202, -22.088 ], [ 68.797, -22.387 ], [ 69.85, -23.709 ], [ 69.402, -24.04 ], [ 69.939, -24.678 ], [ 69.592, -24.97 ], [ 70.09, -25.482 ], [ 69.96, -25.651 ], [ 69.49, -25.676 ], [ 69.46, -25.782 ], [ 69.138, -25.784 ], [ 69.15, -25.993 ], [ 68.829, -26.009 ], [ 68.82, -26.141 ], [ 68.598, -26.121 ], [ 68.622, -26.262 ], [ 67.979, -26.291 ], [ 67.962, -26.583 ], [ 67.433, -26.571 ], [ 67.424, -26.87 ], [ 67.156, -26.867 ], [ 67.129, -27.269 ], [ 66.373, -27.281 ], [ 66.359, -27.514 ], [ 65.348, -27.514 ], [ 65.332, -27.812 ], [ 63.604, -27.831 ], [ 63.621, -28.039 ], [ 63.194, -28.021 ], [ 63.211, -28.164 ], [ 62.703, -28.152 ], [ 62.746, -28.458 ], [ 62.135, -28.49 ], [ 62.162, -28.811 ], [ 61.518, -28.777 ], [ 61.532, -28.92 ], [ 60.81, -28.931 ], [ 60.763, -30.531 ], [ 59.188, -30.567 ], [ 59.167, -31.05 ], [ 58.53, -31.055 ], [ 58.456, -31.691 ], [ 57.153, -31.771 ], [ 57.061, -33.554 ], [ 55.738, -33.653 ], [ 55.699, -34.235 ], [ 55.301, -34.287 ], [ 55.275, -34.56 ], [ 54.255, -34.542 ], [ 54.216, -35.302 ], [ 53.471, -35.517 ], [ 53.467, -36.141 ], [ 52.338, -36.162 ], [ 52.283, -37.432 ], [ 50.827, -37.451 ], [ 50.823, -37.58 ], [ 49.962, -37.597 ], [ 49.945, -37.79 ], [ 49.037, -37.792 ], [ 49.034, -38.0 ], [ 48.633, -38.014 ], [ 48.017, -38.478 ], [ 48.023, -38.651 ], [ 46.244, -38.87 ], [ 46.074, -40.119 ], [ 45.332, -40.108 ], [ 45.303, -40.366 ], [ 44.716, -40.369 ], [ 44.686, -40.691 ], [ 44.023, -40.671 ], [ 44.009, -40.915 ], [ 42.873, -40.85 ], [ 42.469, -42.73 ], [ 41.812, -42.655 ], [ 41.558, -43.579 ], [ 39.459, -43.286 ], [ 39.073, -44.165 ], [ 38.338, -44.055 ], [ 38.083, -44.619 ], [ 37.508, -44.875 ], [ 37.086, -44.804 ], [ 36.303, -44.966 ], [ 35.182, -44.855 ], [ 35.015, -45.106 ], [ 34.704, -45.971 ], [ 34.504, -46.222 ], [ 34.267, -46.212 ], [ 33.818, -45.979 ], [ 33.54, -46.346 ], [ 33.174, -47.264 ], [ 32.126, -47.0 ], [ 33.678, -44.561 ] ] ] } },
{ "type": "Feature", "properties": { "Code": "IN" }, "geometry": { "type": "Polygon", "coordinates": [ [ [ 57.476, 14.662 ], [ 57.984, 14.599 ], [ 58.213, 14.916 ], [ 58.589, 14.646 ], [ 59.034, 15.088 ], [ 59.41, 14.895 ], [ 59.909, 15.572 ], [ 60.062, 17.458 ], [ 60.215, 18.24 ], [ 60.97, 19.813 ], [ 62.096, 21.425 ], [ 62.133, 22.083 ], [ 64.275, 23.694 ], [ 65.028, 24.382 ], [ 67.104, 25.499 ], [ 67.268, 25.984 ], [ 67.248, 27.085 ], [ 67.342, 28.404 ], [ 67.24, 28.573 ], [ 67.301, 29.795 ], [ 67.849, 30.074 ], [ 68.311, 29.878 ], [ 68.68, 29.209 ], [ 69.086, 29.096 ], [ 69.881, 29.262 ], [ 70.1, 29.84 ], [ 70.258, 31.006 ], [ 69.943, 31.913 ], [ 72.459, 34.682 ], [ 73.593, 33.667 ], [ 74.314, 33.159 ], [ 75.089, 32.881 ], [ 75.675, 32.189 ], [ 75.722, 31.633 ], [ 76.521, 31.154 ], [ 77.007, 30.738 ], [ 77.641, 30.558 ], [ 78.422, 29.887 ], [ 78.912, 29.678 ], [ 79.197, 29.393 ], [ 79.79, 29.143 ], [ 80.227, 29.093 ], [ 81.043, 28.79 ], [ 81.361, 28.414 ], [ 83.667, 27.593 ], [ 84.649, 27.309 ], [ 86.252, 27.095 ], [ 86.481, 26.737 ], [ 86.82, 26.668 ], [ 87.219, 27.022 ], [ 88.32, 26.885 ], [ 89.282, 27.027 ], [ 89.772, 26.847 ], [ 91.258, 27.008 ], [ 93.57, 27.11 ], [ 94.829, 27.918 ], [ 95.466, 28.183 ], [ 97.348, 28.083 ], [ 97.471, 27.702 ], [ 97.347, 27.241 ], [ 96.31, 25.134 ], [ 95.969, 23.761 ], [ 95.909, 23.015 ], [ 95.943, 20.9 ], [ 96.016, 20.04 ], [ 96.225, 19.412 ], [ 96.341, 18.705 ], [ 96.466, 17.435 ], [ 96.406, 15.136 ], [ 95.912, 15.535 ], [ 95.095, 15.813 ], [ 94.209, 15.77 ], [ 93.368, 15.353 ], [ 92.517, 14.384 ], [ 92.068, 13.715 ], [ 91.7, 12.283 ], [ 91.591, 11.3 ], [ 91.533, 9.604 ], [ 91.651, 8.656 ], [ 91.903, 7.663 ], [ 92.278, 6.948 ], [ 92.665, 5.005 ], [ 93.227, 3.716 ], [ 93.754, 3.048 ], [ 94.405, 2.457 ], [ 94.979, 2.104 ], [ 93.852, 0.882 ], [ 89.825, -0.783 ], [ 89.036, -1.574 ], [ 88.62, -2.969 ], [ 87.225, -4.088 ], [ 85.779, -3.344 ], [ 84.195, -3.017 ], [ 82.33, -3.848 ], [ 78.606, -4.932 ], [ 77.356, -5.055 ], [ 76.203, -5.038 ], [ 74.833, -4.514 ], [ 73.883, -4.307 ], [ 73.704, -5.778 ], [ 73.544, -6.191 ], [ 73.392, -7.039 ], [ 72.884, -7.038 ], [ 71.834, -6.696 ], [ 70.786, -6.502 ], [ 69.806, -6.445 ], [ 69.007, -6.538 ], [ 68.274, -6.811 ], [ 67.782, -6.259 ], [ 68.607, -5.472 ], [ 68.199, -5.042 ], [ 68.751, -4.549 ], [ 68.349, -4.118 ], [ 68.667, -3.771 ], [ 67.892, -2.888 ], [ 68.249, -2.54 ], [ 67.788, -2.088 ], [ 67.929, -1.913 ], [ 67.367, -1.44 ], [ 67.662, -1.04 ], [ 67.023, -0.578 ], [ 67.209, -0.34 ], [ 66.839, -0.039 ], [ 67.159, 0.337 ], [ 66.657, 0.722 ], [ 66.87, 1.068 ], [ 66.493, 1.331 ], [ 66.673, 1.621 ], [ 65.992, 2.052 ], [ 66.38, 2.752 ], [ 65.489, 3.299 ], [ 65.213, 2.921 ], [ 64.682, 3.299 ], [ 64.618, 3.217 ], [ 63.89, 3.602 ], [ 63.819, 3.482 ], [ 63.388, 3.7 ], [ 63.331, 3.631 ], [ 62.868, 3.893 ], [ 63.002, 4.108 ], [ 61.529, 5.262 ], [ 61.657, 5.49 ], [ 60.038, 6.767 ], [ 60.179, 6.951 ], [ 59.22, 7.673 ], [ 59.309, 7.768 ], [ 58.88, 8.097 ], [ 58.918, 8.167 ], [ 58.251, 8.647 ], [ 58.43, 8.863 ], [ 58.148, 9.09 ], [ 58.263, 9.293 ], [ 58.018, 9.45 ], [ 58.063, 9.532 ], [ 57.491, 9.942 ], [ 57.261, 9.681 ], [ 56.978, 9.857 ], [ 56.919, 9.971 ], [ 58.239, 12.746 ], [ 57.639, 13.138 ], [ 57.81, 13.451 ], [ 56.969, 13.937 ], [ 57.037, 14.068 ], [ 56.762, 14.208 ], [ 56.819, 14.302 ], [ 56.265, 14.623 ], [ 57.476, 14.662 ] ] ] } },
{ "type": "Feature", "properties": { "Code": "AU" }, "geometry": { "type": "MultiPolygon", "coordinates": [ [ [ [ -180.0, -15.621 ], [ -178.264, -15.325 ], [ -177.13, -15.559 ], [ -177.634, -16.024 ], [ -177.678, -16.177 ], [ -176.921, -16.877 ], [ -176.304, -18.055 ], [ -176.33, -18.267 ], [ -176.584, -18.768 ], [ -176.549, -19.217 ], [ -175.979, -19.386 ], [ -176.182, -20.106 ], [ -176.116, -20.129 ], [ -176.19, -20.655 ], [ -176.691, -22.286 ], [ -176.748, -22.734 ], [ -177.419, -24.105 ], [ -178.017, -26.767 ], [ -179.074, -29.792 ], [ -179.393, -30.997 ], [ -180.0, -32.304 ], [ -180.0, -15.621 ] ] ], [ [ [ 180.0, -32.304 ], [ 178.681, -34.786 ], [ 175.609, -39.23 ], [ 176.074, -40.046 ], [ 175.324, -40.791 ], [ 174.632, -41.157 ], [ 174.763, -41.566 ], [ 174.945, -41.757 ], [ 175.503, -42.059 ], [ 173.724, -42.291 ], [ 171.277, -42.743 ], [ 168.488, -44.166 ], [ 167.368, -44.648 ], [ 166.019, -45.887 ], [ 165.168, -46.405 ], [ 164.943, -46.783 ], [ 164.923, -47.011 ], [ 164.48, -47.759 ], [ 164.483, -47.92 ], [ 164.215, -48.592 ], [ 163.235, -50.079 ], [ 162.963, -50.369 ], [ 162.594, -50.549 ], [ 161.716, -51.192 ], [ 160.342, -52.634 ], [ 159.512, -53.345 ], [ 159.318, -53.598 ], [ 159.216, -53.619 ], [ 158.674, -54.689 ], [ 158.465, -55.522 ], [ 157.944, -56.438 ], [ 157.64, -57.23 ], [ 157.62, -57.783 ], [ 158.267, -58.779 ], [ 159.803, -60.005 ], [ 160.327, -60.504 ], [ 160.74, -61.053 ], [ 161.228, -61.457 ], [ 156.457, -62.914 ], [ 154.981, -61.429 ], [ 153.639, -59.93 ], [ 151.29, -60.413 ], [ 150.733, -59.475 ], [ 150.006, -59.57 ], [ 148.806, -57.436 ], [ 147.902, -57.566 ], [ 146.881, -54.695 ], [ 144.282, -54.798 ], [ 143.778, -54.234 ], [ 142.25, -54.215 ], [ 140.659, -53.885 ], [ 140.323, -51.798 ], [ 139.813, -51.838 ], [ 139.645, -50.279 ], [ 135.246, -50.209 ], [ 135.026, -50.384 ], [ 131.515, -50.222 ], [ 131.256, -50.604 ], [ 130.569, -50.525 ], [ 127.143, -49.976 ], [ 127.313, -48.764 ], [ 126.434, -48.63 ], [ 125.896, -49.717 ], [ 125.262, -49.598 ], [ 124.992, -49.153 ], [ 124.213, -48.848 ], [ 124.007, -48.906 ], [ 123.328, -49.585 ], [ 123.013, -49.542 ], [ 122.797, -49.729 ], [ 122.224, -49.846 ], [ 121.437, -49.62 ], [ 121.555, -49.006 ], [ 120.842, -48.89 ], [ 120.273, -50.036 ], [ 118.547, -49.802 ], [ 118.194, -49.865 ], [ 116.635, -49.271 ], [ 116.256, -49.54 ], [ 115.988, -49.852 ], [ 115.5, -49.974 ], [ 114.362, -49.878 ], [ 114.024, -50.388 ], [ 112.967, -50.2 ], [ 111.666, -50.084 ], [ 111.129, -49.8 ], [ 110.472, -49.779 ], [ 108.24, -49.259 ], [ 108.285, -49.182 ], [ 106.692, -48.841 ], [ 106.554, -49.101 ], [ 103.321, -48.227 ], [ 100.202, -47.266 ], [ 99.624, -47.978 ], [ 95.842, -46.52 ], [ 96.698, -45.471 ], [ 94.926, -44.805 ], [ 95.041, -44.619 ], [ 91.686, -43.199 ], [ 88.488, -41.686 ], [ 88.06, -41.997 ], [ 85.859, -40.834 ], [ 83.439, -42.89 ], [ 80.932, -41.13 ], [ 79.99, -41.892 ], [ 78.659, -40.872 ], [ 78.484, -40.866 ], [ 77.825, -40.326 ], [ 78.425, -39.905 ], [ 78.002, -39.538 ], [ 78.384, -39.262 ], [ 78.073, -39.005 ], [ 78.529, -38.659 ], [ 78.182, -38.393 ], [ 78.706, -38.001 ], [ 78.021, -37.483 ], [ 79.184, -36.511 ], [ 78.201, -35.683 ], [ 78.804, -35.161 ], [ 77.352, -33.838 ], [ 78.086, -33.194 ], [ 76.395, -31.719 ], [ 76.689, -31.465 ], [ 76.148, -30.97 ], [ 76.205, -30.906 ], [ 75.393, -30.24 ], [ 75.515, -30.118 ], [ 75.364, -30.006 ], [ 75.554, -29.839 ], [ 74.938, -29.328 ], [ 74.994, -29.264 ], [ 74.192, -28.541 ], [ 74.406, -28.317 ], [ 73.534, -27.57 ], [ 73.4, -27.655 ], [ 73.123, -27.446 ], [ 72.92, -27.573 ], [ 72.008, -26.718 ], [ 72.066, -26.656 ], [ 71.717, -26.386 ], [ 71.58, -26.454 ], [ 71.135, -26.083 ], [ 70.994, -26.187 ], [ 70.665, -25.912 ], [ 70.409, -26.06 ], [ 69.96, -25.651 ], [ 70.09, -25.482 ], [ 69.592, -24.97 ], [ 69.939, -24.678 ], [ 69.402, -24.04 ], [ 69.85, -23.709 ], [ 68.797, -22.387 ], [ 69.202, -22.088 ], [ 68.277, -20.878 ], [ 68.559, -20.712 ], [ 68.213, -20.291 ], [ 67.897, -20.469 ], [ 67.768, -20.28 ], [ 67.593, -20.369 ], [ 67.31, -20.072 ], [ 67.04, -20.218 ], [ 66.751, -19.87 ], [ 66.428, -20.078 ], [ 65.007, -18.058 ], [ 67.411, -16.659 ], [ 67.033, -16.139 ], [ 67.383, -15.942 ], [ 65.928, -13.979 ], [ 66.21, -13.777 ], [ 65.821, -13.268 ], [ 66.369, -12.833 ], [ 65.698, -12.018 ], [ 66.418, -11.559 ], [ 66.167, -11.21 ], [ 66.787, -10.762 ], [ 66.46, -10.35 ], [ 67.378, -9.63 ], [ 67.09, -9.27 ], [ 68.039, -8.492 ], [ 67.642, -8.027 ], [ 68.073, -7.648 ], [ 67.811, -7.252 ], [ 68.274, -6.811 ], [ 69.007, -6.538 ], [ 69.806, -6.445 ], [ 70.786, -6.502 ], [ 71.834, -6.696 ], [ 72.884, -7.038 ], [ 73.392, -7.039 ], [ 73.544, -6.191 ], [ 73.704, -5.778 ], [ 73.883, -4.307 ], [ 74.833, -4.514 ], [ 76.203, -5.038 ], [ 77.356, -5.055 ], [ 78.606, -4.932 ], [ 82.33, -3.848 ], [ 84.195, -3.017 ], [ 85.779, -3.344 ], [ 87.225, -4.088 ], [ 88.62, -2.969 ], [ 89.036, -1.574 ], [ 89.825, -0.783 ], [ 93.852, 0.882 ], [ 94.979, 2.104 ], [ 95.542, 1.882 ], [ 96.089, 1.487 ], [ 96.67, 0.759 ], [ 97.77, -1.247 ], [ 98.301, -2.021 ], [ 99.37, -3.311 ], [ 100.791, -5.305 ], [ 102.452, -7.197 ], [ 103.183, -7.621 ], [ 104.576, -8.167 ], [ 104.981, -8.569 ], [ 106.827, -9.665 ], [ 107.836, -10.053 ], [ 109.067, -10.328 ], [ 111.015, -10.477 ], [ 114.41, -11.088 ], [ 116.174, -11.275 ], [ 118.75, -11.362 ], [ 120.451, -11.524 ], [ 121.783, -11.412 ], [ 123.96, -10.708 ], [ 126.853, -9.39 ], [ 127.9, -9.133 ], [ 129.861, -8.926 ], [ 130.933, -8.562 ], [ 131.415, -8.267 ], [ 132.689, -6.681 ], [ 133.686, -6.348 ], [ 133.982, -5.641 ], [ 133.449, -5.344 ], [ 133.906, -4.812 ], [ 134.488, -4.437 ], [ 134.966, -4.298 ], [ 136.167, -4.177 ], [ 137.177, -4.221 ], [ 138.959, -4.548 ], [ 140.798, -5.11 ], [ 141.483, -5.727 ], [ 144.74, -7.023 ], [ 146.918, -8.41 ], [ 146.954, -8.598 ], [ 148.207, -9.212 ], [ 148.751, -9.57 ], [ 149.133, -9.353 ], [ 149.676, -9.801 ], [ 150.245, -9.945 ], [ 150.466, -9.687 ], [ 151.545, -9.676 ], [ 151.834, -9.761 ], [ 151.838, -9.906 ], [ 152.214, -9.945 ], [ 152.223, -10.039 ], [ 152.849, -10.088 ], [ 152.855, -10.384 ], [ 154.125, -10.331 ], [ 154.219, -10.279 ], [ 154.218, -9.913 ], [ 154.849, -9.723 ], [ 154.856, -9.839 ], [ 155.07, -9.795 ], [ 155.172, -9.73 ], [ 155.172, -9.621 ], [ 155.436, -9.493 ], [ 155.599, -9.581 ], [ 156.086, -9.538 ], [ 156.101, -9.268 ], [ 156.428, -9.179 ], [ 156.296, -8.174 ], [ 156.706, -8.563 ], [ 157.177, -8.746 ], [ 158.273, -9.39 ], [ 159.068, -9.688 ], [ 161.202, -11.168 ], [ 162.109, -11.434 ], [ 164.409, -11.091 ], [ 165.07, -11.287 ], [ 165.514, -11.686 ], [ 165.838, -12.517 ], [ 166.234, -14.18 ], [ 166.271, -14.686 ], [ 166.193, -15.345 ], [ 166.285, -15.887 ], [ 166.868, -16.987 ], [ 167.155, -17.307 ], [ 167.521, -18.712 ], [ 168.003, -19.769 ], [ 168.705, -21.016 ], [ 169.32, -21.909 ], [ 170.109, -22.587 ], [ 170.66, -22.884 ], [ 171.288, -23.072 ], [ 172.439, -23.178 ], [ 173.04, -23.007 ], [ 173.212, -22.834 ], [ 173.606, -22.835 ], [ 174.034, -22.488 ], [ 176.121, -21.165 ], [ 175.59, -20.189 ], [ 175.559, -19.755 ], [ 175.839, -19.445 ], [ 175.922, -19.08 ], [ 176.212, -18.611 ], [ 176.215, -18.319 ], [ 176.342, -18.038 ], [ 176.336, -17.823 ], [ 175.973, -17.804 ], [ 176.184, -16.552 ], [ 177.412, -16.51 ], [ 177.414, -16.3 ], [ 177.345, -16.302 ], [ 177.4, -16.212 ], [ 177.876, -16.222 ], [ 178.491, -16.092 ], [ 178.562, -15.897 ], [ 180.0, -15.621 ], [ 180.0, -32.304 ] ] ] ] } },
{ "type": "Feature", "properties": { "Code": "EU" }, "geometry": { "type": "Polygon", "coordinates": [ [ [ -0.748, 35.776 ], [ -1.516, 35.771 ], [ -2.573, 36.105 ], [ -2.893, 36.018 ], [ -3.749, 35.596 ], [ -3.782, 35.014 ], [ -4.056, 34.199 ], [ -5.397, 33.985 ], [ -5.808, 34.019 ], [ -6.0, 34.263 ], [ -6.064, 34.784 ], [ -9.977, 36.651 ], [ -10.923, 36.098 ], [ -11.585, 35.851 ], [ -12.142, 36.328 ], [ -13.675, 37.395 ], [ -15.143, 37.021 ], [ -15.386, 37.212 ], [ -17.584, 37.503 ], [ -18.124, 37.466 ], [ -19.682, 37.025 ], [ -23.57, 36.646 ], [ -24.311, 36.793 ], [ -24.749, 37.217 ], [ -24.667, 37.411 ], [ -24.891, 37.584 ], [ -25.267, 37.769 ], [ -25.355, 37.663 ], [ -25.538, 37.818 ], [ -25.633, 37.723 ], [ -25.808, 37.878 ], [ -25.916, 37.839 ], [ -26.171, 38.036 ], [ -26.302, 38.047 ], [ -26.718, 38.42 ], [ -26.83, 38.278 ], [ -27.239, 38.78 ], [ -27.484, 38.782 ], [ -27.793, 39.0 ], [ -28.292, 38.939 ], [ -28.484, 39.156 ], [ -28.619, 39.121 ], [ -28.895, 39.412 ], [ -29.26, 39.25 ], [ -29.77, 39.4 ], [ -29.58, 40.079 ], [ -29.656, 40.107 ], [ -29.577, 40.55 ], [ -29.346, 40.57 ], [ -29.256, 40.985 ], [ -29.229, 41.215 ], [ -29.322, 41.247 ], [ -29.162, 41.91 ], [ -29.261, 41.929 ], [ -29.223, 42.289 ], [ -29.435, 42.291 ], [ -29.318, 42.674 ], [ -29.371, 42.724 ], [ -29.317, 43.081 ], [ -29.174, 43.08 ], [ -28.796, 43.768 ], [ -28.524, 43.768 ], [ -28.076, 45.127 ], [ -27.994, 45.098 ], [ -27.924, 45.466 ], [ -27.825, 45.526 ], [ -27.739, 45.878 ], [ -27.602, 45.983 ], [ -27.565, 46.213 ], [ -27.512, 46.203 ], [ -27.436, 46.755 ], [ -27.377, 46.757 ], [ -27.334, 46.999 ], [ -27.474, 47.264 ], [ -27.448, 47.602 ], [ -27.564, 47.651 ], [ -27.76, 48.585 ], [ -28.011, 48.605 ], [ -28.562, 49.639 ], [ -28.818, 49.657 ], [ -29.022, 50.152 ], [ -29.198, 50.221 ], [ -29.875, 50.79 ], [ -29.981, 50.99 ], [ -30.026, 52.03 ], [ -31.268, 52.109 ], [ -31.257, 52.42 ], [ -31.866, 52.504 ], [ -35.138, 52.705 ], [ -35.183, 53.211 ], [ -35.325, 53.238 ], [ -35.246, 53.512 ], [ -35.452, 53.546 ], [ -35.121, 54.308 ], [ -35.488, 54.331 ], [ -35.212, 54.971 ], [ -35.339, 54.996 ], [ -34.877, 55.849 ], [ -34.638, 55.812 ], [ -34.44, 56.499 ], [ -34.346, 56.502 ], [ -34.218, 56.746 ], [ -34.072, 56.739 ], [ -33.978, 56.902 ], [ -33.587, 56.875 ], [ -33.497, 57.264 ], [ -33.203, 57.285 ], [ -32.918, 57.667 ], [ -32.806, 57.642 ], [ -32.472, 58.006 ], [ -32.281, 57.998 ], [ -31.745, 58.468 ], [ -31.556, 58.447 ], [ -30.977, 58.976 ], [ -30.791, 58.941 ], [ -30.043, 59.618 ], [ -27.032, 61.665 ], [ -25.449, 62.62 ], [ -25.311, 62.614 ], [ -24.888, 62.924 ], [ -23.33, 63.651 ], [ -23.059, 63.65 ], [ -22.872, 63.767 ], [ -21.298, 64.067 ], [ -19.238, 63.863 ], [ -17.367, 64.737 ], [ -17.141, 64.995 ], [ -17.025, 65.379 ], [ -16.507, 66.203 ], [ -17.718, 66.365 ], [ -17.473, 66.685 ], [ -18.247, 66.781 ], [ -18.118, 66.934 ], [ -19.099, 67.058 ], [ -18.22, 68.066 ], [ -17.829, 68.4 ], [ -17.154, 68.865 ], [ -16.487, 68.808 ], [ -15.024, 70.169 ], [ -14.734, 70.389 ], [ -14.448, 70.354 ], [ -13.892, 70.816 ], [ -12.255, 70.563 ], [ -11.356, 71.052 ], [ -12.359, 71.252 ], [ -11.369, 71.774 ], [ -7.375, 71.125 ], [ -5.699, 71.54 ], [ -4.741, 71.333 ], [ -4.072, 71.491 ], [ -3.692, 71.398 ], [ 7.391, 73.252 ], [ 8.652, 73.534 ], [ 9.14, 73.882 ], [ 9.208, 74.096 ], [ 9.133, 74.377 ], [ 8.63, 74.946 ], [ 7.946, 75.382 ], [ 7.603, 75.729 ], [ 7.48, 76.279 ], [ 7.88, 77.712 ], [ 7.771, 77.911 ], [ 7.785, 78.235 ], [ 3.432, 79.03 ], [ 4.39, 79.533 ], [ -2.341, 80.37 ], [ -1.684, 80.625 ], [ -3.364, 80.792 ], [ -2.414, 81.126 ], [ -4.641, 81.37 ], [ -3.909, 81.62 ], [ -5.033, 81.913 ], [ -3.7, 82.328 ], [ -7.212, 82.869 ], [ -4.148, 83.43 ], [ 4.035, 84.597 ], [ 4.508, 84.57 ], [ 8.938, 85.009 ], [ 9.809, 84.958 ], [ 13.242, 85.281 ], [ 21.343, 85.799 ], [ 28.143, 85.875 ], [ 29.229, 85.81 ], [ 38.301, 86.292 ], [ 46.314, 86.561 ], [ 46.063, 86.598 ], [ 61.506, 86.805 ], [ 66.544, 86.655 ], [ 66.301, 86.607 ], [ 69.752, 86.472 ], [ 68.208, 86.306 ], [ 72.984, 86.106 ], [ 78.403, 85.768 ], [ 99.444, 84.911 ], [ 108.939, 84.194 ], [ 111.974, 83.824 ], [ 115.258, 83.151 ], [ 117.755, 82.298 ], [ 119.1, 82.087 ], [ 121.898, 80.643 ], [ 123.408, 79.759 ], [ 125.188, 78.99 ], [ 125.679, 78.133 ], [ 127.181, 77.234 ], [ 128.955, 74.938 ], [ 130.2, 74.018 ], [ 134.017, 71.865 ], [ 135.595, 70.692 ], [ 135.962, 70.53 ], [ 136.758, 69.954 ], [ 138.523, 69.042 ], [ 139.381, 67.91 ], [ 141.242, 66.979 ], [ 143.731, 66.318 ], [ 144.932, 65.287 ], [ 146.008, 63.587 ], [ 146.963, 61.88 ], [ 142.187, 59.948 ], [ 141.451, 56.188 ], [ 142.409, 54.035 ], [ 140.145, 54.103 ], [ 136.61, 54.83 ], [ 133.65, 55.273 ], [ 131.688, 55.702 ], [ 129.798, 56.013 ], [ 125.499, 57.13 ], [ 119.918, 57.316 ], [ 116.382, 56.618 ], [ 110.924, 56.221 ], [ 109.758, 55.762 ], [ 109.0, 54.899 ], [ 108.393, 53.401 ], [ 104.42, 51.427 ], [ 105.375, 50.143 ], [ 106.304, 46.318 ], [ 107.205, 43.655 ], [ 109.041, 42.637 ], [ 109.693, 42.07 ], [ 112.287, 40.645 ], [ 113.542, 41.399 ], [ 115.235, 40.921 ], [ 116.379, 40.268 ], [ 117.638, 39.843 ], [ 120.848, 41.039 ], [ 122.732, 42.188 ], [ 125.019, 40.2 ], [ 125.723, 38.365 ], [ 126.101, 36.718 ], [ 126.263, 34.252 ], [ 123.364, 31.471 ], [ 121.027, 31.581 ], [ 119.711, 31.199 ], [ 119.001, 31.376 ], [ 117.284, 32.968 ], [ 114.96, 34.828 ], [ 113.599, 34.854 ], [ 111.651, 32.843 ], [ 111.615, 31.66 ], [ 110.806, 30.842 ], [ 107.133, 29.713 ], [ 105.399, 28.79 ], [ 104.942, 27.878 ], [ 105.419, 26.355 ], [ 106.018, 25.238 ], [ 107.681, 23.456 ], [ 112.038, 21.831 ], [ 114.0, 18.438 ], [ 112.628, 18.121 ], [ 110.512, 17.783 ], [ 105.817, 17.75 ], [ 102.615, 17.633 ], [ 101.451, 17.066 ], [ 100.832, 16.084 ], [ 99.766, 14.838 ], [ 99.21, 14.446 ], [ 96.48, 14.4 ], [ 96.406, 15.136 ], [ 96.466, 17.435 ], [ 96.225, 19.412 ], [ 96.016, 20.04 ], [ 95.909, 23.015 ], [ 95.969, 23.761 ], [ 96.31, 25.134 ], [ 97.347, 27.241 ], [ 97.471, 27.702 ], [ 97.348, 28.083 ], [ 95.466, 28.183 ], [ 94.829, 27.918 ], [ 93.57, 27.11 ], [ 91.258, 27.008 ], [ 89.772, 26.847 ], [ 89.282, 27.027 ], [ 88.32, 26.885 ], [ 87.219, 27.022 ], [ 86.82, 26.668 ], [ 86.481, 26.737 ], [ 86.252, 27.095 ], [ 84.649, 27.309 ], [ 83.667, 27.593 ], [ 81.361, 28.414 ], [ 81.043, 28.79 ], [ 80.227, 29.093 ], [ 79.79, 29.143 ], [ 79.197, 29.393 ], [ 78.912, 29.678 ], [ 78.422, 29.887 ], [ 77.641, 30.558 ], [ 77.007, 30.738 ], [ 76.521, 31.154 ], [ 75.722, 31.633 ], [ 75.675, 32.189 ], [ 75.089, 32.881 ], [ 74.314, 33.159 ], [ 73.593, 33.667 ], [ 72.459, 34.682 ], [ 69.943, 31.913 ], [ 70.258, 31.006 ], [ 70.1, 29.84 ], [ 69.881, 29.262 ], [ 69.086, 29.096 ], [ 68.68, 29.209 ], [ 68.311, 29.878 ], [ 67.849, 30.074 ], [ 67.301, 29.795 ], [ 67.24, 28.573 ], [ 67.342, 28.404 ], [ 67.248, 27.085 ], [ 67.268, 25.984 ], [ 67.104, 25.499 ], [ 65.028, 24.382 ], [ 62.581, 24.283 ], [ 61.955, 24.087 ], [ 57.832, 24.443 ], [ 57.345, 24.788 ], [ 57.121, 25.552 ], [ 56.875, 27.301 ], [ 56.423, 27.369 ], [ 55.662, 26.947 ], [ 54.728, 26.668 ], [ 53.86, 26.717 ], [ 52.504, 27.561 ], [ 51.283, 28.487 ], [ 50.998, 29.072 ], [ 51.057, 29.578 ], [ 49.492, 30.802 ], [ 49.036, 31.621 ], [ 48.489, 32.237 ], [ 47.77, 32.311 ], [ 47.411, 32.448 ], [ 46.608, 32.887 ], [ 45.918, 33.391 ], [ 45.0, 34.591 ], [ 44.357, 36.572 ], [ 44.02, 37.098 ], [ 43.648, 37.407 ], [ 42.797, 37.991 ], [ 41.236, 38.616 ], [ 41.026, 38.849 ], [ 41.002, 39.08 ], [ 39.892, 39.703 ], [ 37.062, 40.6 ], [ 35.527, 41.002 ], [ 34.286, 41.159 ], [ 30.775, 40.601 ], [ 30.007, 40.768 ], [ 27.568, 40.64 ], [ 27.256, 40.789 ], [ 25.417, 40.156 ], [ 24.002, 39.918 ], [ 22.727, 38.271 ], [ 20.437, 38.471 ], [ 20.282, 38.115 ], [ 20.3, 37.804 ], [ 20.0, 37.908 ], [ 19.584, 38.272 ], [ 17.96, 39.17 ], [ 18.086, 38.794 ], [ 18.031, 38.516 ], [ 17.845, 38.462 ], [ 17.42, 37.701 ], [ 17.168, 37.503 ], [ 16.824, 37.399 ], [ 15.832, 37.274 ], [ 15.375, 37.34 ], [ 15.344, 37.615 ], [ 15.639, 38.299 ], [ 15.499, 38.401 ], [ 15.175, 38.292 ], [ 14.515, 38.765 ], [ 13.812, 38.625 ], [ 12.708, 38.6 ], [ 12.434, 38.849 ], [ 11.778, 38.934 ], [ 11.659, 39.033 ], [ 11.118, 39.067 ], [ 10.827, 38.994 ], [ 10.089, 38.572 ], [ 8.942, 38.212 ], [ 8.627, 37.79 ], [ 8.265, 37.468 ], [ 3.454, 36.851 ], [ 1.97, 36.503 ], [ 0.0, 35.903 ], [ -0.748, 35.776 ] ] ] } },
{ "type": "Feature", "properties": { "Code": "NA" }, "geometry": { "type": "Polygon", "coordinates": [ [ [ -47.693, 15.957 ], [ -49.207, 16.035 ], [ -50.467, 15.87 ], [ -53.46, 16.957 ], [ -54.852, 17.309 ], [ -56.118, 18.258 ], [ -57.493, 19.052 ], [ -59.949, 19.455 ], [ -61.553, 18.959 ], [ -62.847, 19.574 ], [ -63.36, 19.692 ], [ -65.128, 19.833 ], [ -66.259, 19.825 ], [ -68.853, 19.589 ], [ -69.977, 19.802 ], [ -71.277, 20.201 ], [ -72.332, 20.331 ], [ -73.238, 20.291 ], [ -76.983, 19.747 ], [ -81.754, 18.865 ], [ -81.625, 17.802 ], [ -84.248, 17.344 ], [ -87.723, 16.251 ], [ -88.876, 15.622 ], [ -89.372, 15.215 ], [ -90.81, 13.394 ], [ -90.898, 12.584 ], [ -92.063, 13.271 ], [ -92.272, 13.223 ], [ -92.962, 13.722 ], [ -93.309, 13.793 ], [ -95.799, 15.277 ], [ -96.219, 15.361 ], [ -97.217, 15.358 ], [ -98.588, 15.772 ], [ -103.2, 17.616 ], [ -104.725, 18.368 ], [ -105.546, 18.981 ], [ -105.949, 19.402 ], [ -106.271, 19.916 ], [ -106.442, 21.121 ], [ -106.757, 21.483 ], [ -106.89, 21.799 ], [ -107.928, 21.686 ], [ -108.676, 21.96 ], [ -108.01, 22.986 ], [ -108.388, 23.082 ], [ -108.651, 23.241 ], [ -108.357, 23.614 ], [ -109.276, 24.396 ], [ -109.062, 24.658 ], [ -110.007, 25.339 ], [ -109.806, 25.557 ], [ -110.778, 26.225 ], [ -110.68, 26.361 ], [ -111.506, 26.927 ], [ -111.373, 27.105 ], [ -111.569, 27.215 ], [ -111.382, 27.497 ], [ -113.087, 28.715 ], [ -113.339, 28.95 ], [ -113.281, 29.008 ], [ -113.969, 29.646 ], [ -113.758, 29.834 ], [ -114.041, 30.121 ], [ -113.807, 30.314 ], [ -114.439, 31.097 ], [ -114.118, 31.356 ], [ -114.522, 31.786 ], [ -115.33, 32.418 ], [ -115.212, 32.512 ], [ -115.581, 32.876 ], [ -115.508, 32.958 ], [ -115.717, 33.13 ], [ -115.596, 33.237 ], [ -116.209, 33.771 ], [ -116.66, 34.042 ], [ -119.329, 34.981 ], [ -119.936, 35.45 ], [ -121.305, 36.698 ], [ -122.38, 37.527 ], [ -123.305, 38.541 ], [ -124.416, 40.311 ], [ -124.742, 40.313 ], [ -124.953, 40.633 ], [ -124.933, 40.884 ], [ -125.309, 41.652 ], [ -125.331, 42.142 ], [ -125.198, 42.492 ], [ -125.268, 42.561 ], [ -125.289, 43.051 ], [ -125.474, 43.426 ], [ -125.45, 43.925 ], [ -125.362, 44.066 ], [ -125.376, 44.668 ], [ -125.517, 45.474 ], [ -126.085, 47.35 ], [ -126.733, 48.291 ], [ -127.018, 48.565 ], [ -127.608, 48.877 ], [ -127.818, 49.08 ], [ -127.852, 49.491 ], [ -128.029, 49.781 ], [ -128.283, 49.885 ], [ -128.414, 50.086 ], [ -128.719, 50.31 ], [ -129.46, 50.647 ], [ -130.212, 51.278 ], [ -130.85, 51.612 ], [ -132.714, 53.127 ], [ -134.151, 54.812 ], [ -135.903, 56.621 ], [ -137.107, 58.438 ], [ -138.86, 59.762 ], [ -139.396, 60.09 ], [ -140.128, 60.381 ], [ -141.074, 60.31 ], [ -142.405, 60.465 ], [ -144.316, 59.918 ], [ -145.756, 59.274 ], [ -146.759, 58.352 ], [ -148.257, 57.347 ], [ -150.081, 56.623 ], [ -152.227, 56.058 ], [ -155.239, 54.785 ], [ -156.138, 54.527 ], [ -157.986, 54.101 ], [ -162.413, 53.367 ], [ -170.159, 51.44 ], [ -171.634, 51.171 ], [ -175.629, 50.745 ], [ -176.223, 50.588 ], [ -177.088, 50.496 ], [ -180.0, 50.503 ], [ -180.0, 90.0 ], [ 180.0, 90.0 ], [ 180.0, 50.503 ], [ 177.68, 50.698 ], [ 172.964, 51.684 ], [ 171.847, 52.026 ], [ 168.836, 53.208 ], [ 168.188, 53.569 ], [ 166.407, 54.237 ], [ 165.771, 54.588 ], [ 164.066, 55.209 ], [ 162.592, 56.42 ], [ 164.93, 58.897 ], [ 169.027, 60.293 ], [ 170.743, 61.736 ], [ 166.691, 61.414 ], [ 163.345, 61.241 ], [ 159.367, 61.322 ], [ 153.946, 61.721 ], [ 149.721, 63.574 ], [ 144.932, 65.287 ], [ 143.731, 66.318 ], [ 141.242, 66.979 ], [ 139.381, 67.91 ], [ 138.523, 69.042 ], [ 136.758, 69.954 ], [ 135.962, 70.53 ], [ 135.595, 70.692 ], [ 134.017, 71.865 ], [ 131.263, 73.372 ], [ 130.2, 74.018 ], [ 128.955, 74.938 ], [ 127.181, 77.234 ], [ 125.679, 78.133 ], [ 125.188, 78.99 ], [ 123.408, 79.759 ], [ 121.898, 80.643 ], [ 119.1, 82.087 ], [ 117.755, 82.298 ], [ 115.793, 83.014 ], [ 112.843, 83.674 ], [ 108.939, 84.194 ], [ 99.444, 84.911 ], [ 81.103, 85.639 ], [ 68.208, 86.306 ], [ 69.752, 86.472 ], [ 66.301, 86.607 ], [ 66.544, 86.655 ], [ 61.506, 86.805 ], [ 58.018, 86.788 ], [ 46.063, 86.598 ], [ 46.314, 86.561 ], [ 38.301, 86.292 ], [ 29.229, 85.81 ], [ 28.143, 85.875 ], [ 25.383, 85.859 ], [ 21.343, 85.799 ], [ 19.285, 85.684 ], [ 13.242, 85.281 ], [ 9.809, 84.958 ], [ 8.938, 85.009 ], [ 4.508, 84.57 ], [ 4.035, 84.597 ], [ -0.469, 83.997 ], [ -7.212, 82.869 ], [ -3.7, 82.328 ], [ -5.033, 81.913 ], [ -3.909, 81.62 ], [ -4.641, 81.37 ], [ -2.414, 81.126 ], [ -3.364, 80.792 ], [ -1.684, 80.625 ], [ -2.341, 80.37 ], [ 4.39, 79.533 ], [ 3.432, 79.03 ], [ 7.785, 78.235 ], [ 7.771, 77.911 ], [ 7.88, 77.712 ], [ 7.48, 76.279 ], [ 7.603, 75.729 ], [ 7.946, 75.382 ], [ 8.63, 74.946 ], [ 9.133, 74.377 ], [ 9.203, 73.98 ], [ 9.037, 73.759 ], [ 8.652, 73.534 ], [ 7.391, 73.252 ], [ -2.937, 71.5 ], [ -3.692, 71.398 ], [ -4.072, 71.491 ], [ -4.741, 71.333 ], [ -5.699, 71.54 ], [ -7.375, 71.125 ], [ -11.369, 71.774 ], [ -12.359, 71.252 ], [ -11.356, 71.052 ], [ -12.255, 70.563 ], [ -13.892, 70.816 ], [ -14.448, 70.354 ], [ -14.734, 70.389 ], [ -15.024, 70.169 ], [ -16.487, 68.808 ], [ -17.154, 68.865 ], [ -17.829, 68.4 ], [ -18.22, 68.066 ], [ -19.099, 67.058 ], [ -18.118, 66.934 ], [ -18.247, 66.781 ], [ -17.473, 66.685 ], [ -17.718, 66.365 ], [ -16.507, 66.203 ], [ -17.025, 65.379 ], [ -17.141, 64.995 ], [ -17.367, 64.737 ], [ -19.238, 63.863 ], [ -21.298, 64.067 ], [ -22.872, 63.767 ], [ -23.059, 63.65 ], [ -23.33, 63.651 ], [ -24.009, 63.355 ], [ -26.107, 62.237 ], [ -28.927, 60.333 ], [ -29.028, 60.34 ], [ -30.163, 59.529 ], [ -30.791, 58.941 ], [ -30.977, 58.976 ], [ -31.556, 58.447 ], [ -31.745, 58.468 ], [ -32.281, 57.998 ], [ -32.472, 58.006 ], [ -32.806, 57.642 ], [ -32.918, 57.667 ], [ -33.203, 57.285 ], [ -33.497, 57.264 ], [ -33.587, 56.875 ], [ -33.978, 56.902 ], [ -34.072, 56.739 ], [ -34.218, 56.746 ], [ -34.346, 56.502 ], [ -34.44, 56.499 ], [ -34.638, 55.812 ], [ -34.877, 55.849 ], [ -35.339, 54.996 ], [ -35.212, 54.971 ], [ -35.488, 54.331 ], [ -35.121, 54.308 ], [ -35.452, 53.546 ], [ -35.246, 53.512 ], [ -35.325, 53.238 ], [ -35.183, 53.211 ], [ -35.138, 52.705 ], [ -31.866, 52.504 ], [ -31.257, 52.42 ], [ -31.268, 52.109 ], [ -30.026, 52.03 ], [ -29.981, 50.99 ], [ -29.875, 50.79 ], [ -29.198, 50.221 ], [ -29.022, 50.152 ], [ -28.818, 49.657 ], [ -28.562, 49.639 ], [ -28.011, 48.605 ], [ -27.76, 48.585 ], [ -27.564, 47.651 ], [ -27.448, 47.602 ], [ -27.474, 47.264 ], [ -27.334, 46.999 ], [ -27.512, 46.203 ], [ -27.565, 46.213 ], [ -27.602, 45.983 ], [ -27.739, 45.878 ], [ -27.825, 45.526 ], [ -27.924, 45.466 ], [ -27.994, 45.098 ], [ -28.076, 45.127 ], [ -28.524, 43.768 ], [ -28.796, 43.768 ], [ -29.174, 43.08 ], [ -29.317, 43.081 ], [ -29.371, 42.724 ], [ -29.318, 42.674 ], [ -29.435, 42.291 ], [ -29.223, 42.289 ], [ -29.261, 41.929 ], [ -29.162, 41.91 ], [ -29.322, 41.247 ], [ -29.229, 41.215 ], [ -29.256, 40.985 ], [ -29.346, 40.57 ], [ -29.577, 40.55 ], [ -29.656, 40.107 ], [ -29.58, 40.079 ], [ -29.77, 39.4 ], [ -29.909, 39.387 ], [ -30.43, 38.388 ], [ -30.605, 38.403 ], [ -31.071, 37.68 ], [ -31.371, 37.705 ], [ -31.516, 37.282 ], [ -32.283, 37.392 ], [ -32.395, 37.137 ], [ -32.646, 37.176 ], [ -32.708, 37.033 ], [ -32.943, 37.065 ], [ -33.005, 36.916 ], [ -33.225, 36.941 ], [ -33.313, 36.691 ], [ -33.595, 36.742 ], [ -33.772, 36.185 ], [ -33.982, 36.221 ], [ -34.057, 36.071 ], [ -34.142, 36.079 ], [ -34.335, 35.616 ], [ -34.459, 35.625 ], [ -34.746, 35.01 ], [ -36.373, 35.28 ], [ -36.623, 34.693 ], [ -36.785, 34.712 ], [ -36.862, 34.554 ], [ -37.046, 34.567 ], [ -37.533, 33.705 ], [ -37.678, 33.736 ], [ -37.797, 33.501 ], [ -39.399, 33.768 ], [ -39.586, 33.067 ], [ -39.7, 33.084 ], [ -40.553, 31.803 ], [ -40.71, 31.817 ], [ -41.184, 31.194 ], [ -41.43, 31.237 ], [ -42.136, 29.973 ], [ -42.729, 30.07 ], [ -43.037, 29.471 ], [ -43.483, 28.802 ], [ -43.563, 28.811 ], [ -43.942, 28.105 ], [ -44.022, 28.107 ], [ -44.383, 27.236 ], [ -44.506, 27.254 ], [ -44.899, 26.055 ], [ -45.092, 26.081 ], [ -45.499, 25.192 ], [ -45.791, 25.254 ], [ -46.119, 24.59 ], [ -46.196, 24.597 ], [ -46.476, 23.917 ], [ -44.924, 23.646 ], [ -45.248, 21.806 ], [ -45.385, 21.822 ], [ -45.515, 21.247 ], [ -45.419, 21.222 ], [ -45.557, 20.596 ], [ -45.774, 20.618 ], [ -46.318, 18.422 ], [ -46.391, 18.422 ], [ -46.52, 17.588 ], [ -46.407, 17.566 ], [ -46.589, 16.607 ], [ -46.529, 16.587 ], [ -46.766, 15.451 ], [ -47.693, 15.957 ] ] ] } },
{ "type": "Feature", "properties": { "Code": "SA" }, "geometry": { "type": "Polygon", "coordinates": [ [ [ -13.99, -29.251 ], [ -13.82, -29.851 ], [ -13.716, -29.828 ], [ -13.367, -31.157 ], [ -13.499, -31.179 ], [ -13.245, -32.143 ], [ -14.523, -32.4 ], [ -14.367, -33.499 ], [ -14.702, -33.569 ], [ -14.515, -34.043 ], [ -15.274, -34.238 ], [ -15.083, -34.69 ], [ -15.266, -34.77 ], [ -15.1, -35.182 ], [ -17.703, -35.663 ], [ -17.085, -36.472 ], [ -17.44, -36.562 ], [ -17.233, -37.374 ], [ -17.533, -37.472 ], [ -17.388, -38.025 ], [ -17.05, -38.447 ], [ -16.798, -38.401 ], [ -16.361, -38.558 ], [ -16.044, -38.883 ], [ -15.922, -39.681 ], [ -16.415, -39.79 ], [ -16.47, -40.273 ], [ -16.867, -40.366 ], [ -16.678, -41.519 ], [ -16.332, -41.806 ], [ -16.215, -42.338 ], [ -16.43, -42.868 ], [ -16.33, -43.387 ], [ -15.594, -45.476 ], [ -14.894, -45.371 ], [ -14.715, -45.898 ], [ -13.81, -45.797 ], [ -13.325, -47.578 ], [ -10.483, -47.126 ], [ -9.71, -49.216 ], [ -8.139, -48.961 ], [ -7.638, -50.059 ], [ -7.433, -50.001 ], [ -7.159, -50.61 ], [ -5.169, -50.216 ], [ -4.238, -52.049 ], [ -3.956, -51.979 ], [ -2.372, -54.327 ], [ -1.382, -54.053 ], [ -0.438, -54.852 ], [ -1.606, -55.129 ], [ -1.614, -55.653 ], [ -4.691, -55.807 ], [ -4.693, -56.592 ], [ -6.057, -56.672 ], [ -6.13, -57.24 ], [ -6.999, -57.318 ], [ -7.009, -57.869 ], [ -15.971, -58.439 ], [ -16.41, -59.098 ], [ -18.06, -59.153 ], [ -18.123, -59.509 ], [ -18.432, -59.542 ], [ -18.646, -60.25 ], [ -19.37, -60.289 ], [ -19.581, -60.811 ], [ -24.107, -60.692 ], [ -26.071, -60.391 ], [ -25.069, -59.973 ], [ -23.991, -58.921 ], [ -23.819, -58.195 ], [ -24.233, -57.174 ], [ -25.72, -55.84 ], [ -26.414, -55.424 ], [ -27.604, -55.095 ], [ -28.647, -55.005 ], [ -29.488, -55.033 ], [ -32.367, -54.585 ], [ -33.734, -54.46 ], [ -33.355, -54.86 ], [ -33.058, -55.458 ], [ -34.591, -55.729 ], [ -36.108, -55.642 ], [ -36.846, -55.215 ], [ -37.81, -55.086 ], [ -41.597, -54.154 ], [ -45.191, -52.931 ], [ -47.663, -52.691 ], [ -50.671, -52.71 ], [ -52.176, -52.873 ], [ -53.382, -53.209 ], [ -56.457, -53.649 ], [ -59.246, -53.598 ], [ -60.532, -53.673 ], [ -65.871, -54.318 ], [ -67.404, -54.394 ], [ -68.989, -54.43 ], [ -72.082, -53.718 ], [ -74.035, -52.911 ], [ -76.483, -52.068 ], [ -76.99, -49.845 ], [ -77.024, -49.192 ], [ -76.925, -48.506 ], [ -76.65, -47.875 ], [ -75.997, -47.08 ], [ -76.006, -45.658 ], [ -75.821, -44.849 ], [ -75.782, -44.051 ], [ -75.632, -43.648 ], [ -75.402, -42.284 ], [ -75.392, -41.367 ], [ -75.189, -40.863 ], [ -75.149, -39.564 ], [ -74.655, -38.138 ], [ -74.442, -36.725 ], [ -74.262, -36.165 ], [ -73.897, -35.578 ], [ -73.675, -34.888 ], [ -72.937, -33.837 ], [ -72.861, -33.358 ], [ -72.889, -32.742 ], [ -72.762, -32.319 ], [ -72.618, -30.965 ], [ -72.555, -29.536 ], [ -72.433, -28.901 ], [ -71.958, -27.755 ], [ -71.524, -25.093 ], [ -71.307, -21.965 ], [ -70.062, -21.5 ], [ -66.123, -21.5 ], [ -63.545, -21.368 ], [ -63.176, -20.15 ], [ -63.396, -18.872 ], [ -63.836, -17.878 ], [ -63.856, -17.464 ], [ -64.585, -17.402 ], [ -65.419, -17.11 ], [ -66.17, -16.348 ], [ -67.218, -15.078 ], [ -67.423, -14.527 ], [ -68.59, -13.527 ], [ -72.036, -12.348 ], [ -73.274, -12.486 ], [ -75.916, -15.735 ], [ -78.148, -13.387 ], [ -79.618, -11.291 ], [ -80.701, -9.434 ], [ -81.375, -7.988 ], [ -81.954, -6.003 ], [ -82.01, -4.504 ], [ -81.926, -3.721 ], [ -81.599, -3.245 ], [ -80.977, -3.264 ], [ -79.497, -2.472 ], [ -78.929, -1.994 ], [ -78.437, -0.748 ], [ -78.005, 0.148 ], [ -77.707, 0.586 ], [ -77.332, 0.899 ], [ -75.989, 1.618 ], [ -75.21, 2.498 ], [ -74.345, 3.294 ], [ -73.926, 3.56 ], [ -73.78, 3.979 ], [ -73.592, 4.168 ], [ -73.13, 4.413 ], [ -72.633, 5.118 ], [ -72.353, 5.264 ], [ -72.198, 5.537 ], [ -72.079, 6.046 ], [ -71.924, 6.262 ], [ -71.889, 6.681 ], [ -72.05, 7.03 ], [ -72.064, 7.323 ], [ -72.437, 7.7 ], [ -72.091, 7.903 ], [ -71.696, 8.342 ], [ -70.514, 9.014 ], [ -69.297, 10.121 ], [ -68.506, 10.502 ], [ -67.961, 10.5 ], [ -66.869, 10.667 ], [ -65.121, 10.6 ], [ -64.508, 10.474 ], [ -63.878, 10.532 ], [ -60.927, 10.395 ], [ -58.157, 10.16 ], [ -57.762, 10.635 ], [ -57.533, 11.144 ], [ -57.424, 11.661 ], [ -57.568, 13.102 ], [ -57.791, 14.499 ], [ -57.913, 14.864 ], [ -58.666, 15.412 ], [ -58.824, 16.397 ], [ -59.088, 16.912 ], [ -59.819, 17.548 ], [ -60.534, 18.513 ], [ -60.729, 18.595 ], [ -60.912, 18.889 ], [ -61.553, 18.959 ], [ -59.949, 19.455 ], [ -57.493, 19.052 ], [ -56.118, 18.258 ], [ -54.852, 17.309 ], [ -53.46, 16.957 ], [ -50.467, 15.87 ], [ -49.207, 16.035 ], [ -47.693, 15.957 ], [ -46.766, 15.451 ], [ -45.13, 15.267 ], [ -45.142, 14.026 ], [ -45.061, 13.992 ], [ -45.037, 12.68 ], [ -44.262, 12.626 ], [ -44.277, 12.101 ], [ -43.884, 12.085 ], [ -43.921, 10.927 ], [ -41.087, 10.787 ], [ -41.083, 9.979 ], [ -40.861, 9.973 ], [ -40.865, 9.389 ], [ -40.64, 9.373 ], [ -40.652, 8.841 ], [ -40.12, 8.815 ], [ -40.141, 8.215 ], [ -38.221, 8.14 ], [ -38.206, 7.703 ], [ -36.865, 7.654 ], [ -36.851, 7.401 ], [ -36.058, 7.363 ], [ -36.047, 7.023 ], [ -35.366, 6.935 ], [ -35.363, 6.614 ], [ -33.624, 6.618 ], [ -33.62, 6.104 ], [ -33.514, 6.076 ], [ -33.507, 5.649 ], [ -32.978, 5.647 ], [ -32.862, 3.96 ], [ -30.962, 4.061 ], [ -30.736, 1.643 ], [ -30.027, 1.607 ], [ -29.92, 0.797 ], [ -26.474, 1.159 ], [ -26.289, 0.498 ], [ -25.029, 0.614 ], [ -24.612, -1.103 ], [ -21.544, -0.68 ], [ -16.498, 0.299 ], [ -16.252, -0.556 ], [ -16.037, -0.52 ], [ -15.841, -1.143 ], [ -15.565, -1.073 ], [ -15.41, -1.493 ], [ -13.158, -0.915 ], [ -12.701, -2.099 ], [ -12.164, -1.945 ], [ -11.834, -2.855 ], [ -12.029, -3.013 ], [ -11.765, -3.972 ], [ -12.097, -4.103 ], [ -12.039, -4.587 ], [ -12.144, -4.609 ], [ -12.018, -5.026 ], [ -11.604, -4.942 ], [ -11.516, -5.415 ], [ -11.167, -5.377 ], [ -11.022, -5.93 ], [ -11.267, -6.02 ], [ -11.18, -6.755 ], [ -13.621, -7.367 ], [ -13.357, -8.411 ], [ -13.191, -8.374 ], [ -13.023, -9.225 ], [ -13.248, -9.276 ], [ -13.166, -9.794 ], [ -13.315, -9.825 ], [ -13.031, -11.421 ], [ -15.006, -11.885 ], [ -14.791, -12.656 ], [ -14.55, -12.577 ], [ -14.41, -13.218 ], [ -14.6, -13.265 ], [ -14.478, -14.208 ], [ -13.643, -14.035 ], [ -13.226, -15.663 ], [ -13.383, -15.688 ], [ -13.239, -16.212 ], [ -14.302, -16.433 ], [ -14.238, -16.764 ], [ -14.369, -16.777 ], [ -14.079, -17.995 ], [ -12.96, -17.79 ], [ -12.759, -18.784 ], [ -12.477, -18.746 ], [ -12.263, -19.935 ], [ -11.945, -19.825 ], [ -11.852, -20.278 ], [ -11.971, -20.299 ], [ -11.763, -21.176 ], [ -12.007, -21.209 ], [ -11.849, -21.735 ], [ -11.936, -21.752 ], [ -11.819, -22.153 ], [ -12.91, -22.379 ], [ -12.851, -22.63 ], [ -13.829, -22.829 ], [ -13.664, -23.544 ], [ -13.57, -23.514 ], [ -13.28, -24.777 ], [ -13.811, -24.887 ], [ -13.663, -25.648 ], [ -14.048, -25.738 ], [ -13.816, -26.586 ], [ -13.69, -26.564 ], [ -13.272, -28.321 ], [ -12.746, -28.213 ], [ -12.533, -28.941 ], [ -13.99, -29.251 ] ] ] } },
{ "type": "Feature", "properties": { "Code": "NZ" }, "geometry": { "type": "Polygon", "coordinates": [ [ [ -109.27, -33.917 ], [ -109.205, -33.702 ], [ -109.41, -33.14 ], [ -108.972, -32.936 ], [ -109.435, -32.4 ], [ -109.791, -32.115 ], [ -110.21, -31.92 ], [ -111.202, -31.564 ], [ -112.023, -31.536 ], [ -111.797, -30.425 ], [ -111.749, -29.579 ], [ -111.806, -29.266 ], [ -112.956, -29.009 ], [ -113.02, -28.787 ], [ -113.01, -28.383 ], [ -112.934, -28.379 ], [ -113.001, -27.607 ], [ -113.133, -27.577 ], [ -113.112, -27.014 ], [ -112.947, -26.724 ], [ -112.684, -26.801 ], [ -112.672, -26.038 ], [ -112.55, -25.926 ], [ -112.541, -25.787 ], [ -112.364, -25.664 ], [ -112.453, -25.059 ], [ -111.978, -25.027 ], [ -112.123, -24.222 ], [ -112.098, -24.11 ], [ -111.713, -24.032 ], [ -111.871, -23.327 ], [ -111.741, -23.209 ], [ -112.208, -22.821 ], [ -113.28, -22.223 ], [ -113.61, -22.126 ], [ -114.421, -22.114 ], [ -114.379, -21.627 ], [ -114.087, -20.599 ], [ -113.931, -20.574 ], [ -113.796, -20.321 ], [ -113.498, -19.301 ], [ -113.623, -19.285 ], [ -113.364, -18.777 ], [ -113.52, -18.758 ], [ -113.264, -18.008 ], [ -113.388, -17.994 ], [ -113.174, -17.538 ], [ -113.329, -17.521 ], [ -113.117, -17.065 ], [ -113.241, -17.051 ], [ -113.041, -16.683 ], [ -113.165, -16.67 ], [ -112.973, -16.361 ], [ -113.066, -16.351 ], [ -112.973, -15.792 ], [ -112.766, -14.704 ], [ -112.613, -14.718 ], [ -112.581, -14.062 ], [ -112.439, -13.865 ], [ -112.426, -13.386 ], [ -111.266, -13.541 ], [ -111.191, -13.396 ], [ -111.007, -13.411 ], [ -110.892, -12.755 ], [ -111.077, -12.742 ], [ -110.926, -11.968 ], [ -110.675, -11.472 ], [ -110.485, -11.394 ], [ -110.447, -10.822 ], [ -110.292, -10.802 ], [ -110.218, -10.08 ], [ -110.071, -9.665 ], [ -109.857, -9.677 ], [ -109.756, -8.925 ], [ -108.32, -9.145 ], [ -108.192, -8.357 ], [ -108.063, -8.24 ], [ -107.88, -7.514 ], [ -107.653, -7.186 ], [ -107.607, -6.759 ], [ -107.441, -6.367 ], [ -106.95, -6.443 ], [ -106.845, -6.016 ], [ -106.752, -6.019 ], [ -106.741, -5.62 ], [ -106.587, -5.624 ], [ -106.253, -4.494 ], [ -105.544, -4.569 ], [ -105.38, -4.078 ], [ -104.699, -4.152 ], [ -104.539, -3.844 ], [ -102.735, -4.056 ], [ -102.571, -3.435 ], [ -102.566, -2.936 ], [ -102.754, -2.934 ], [ -102.621, -1.906 ], [ -102.402, -1.907 ], [ -102.307, -1.596 ], [ -102.462, -1.533 ], [ -102.399, -1.283 ], [ -102.524, -1.283 ], [ -102.181, 1.134 ], [ -101.644, 1.404 ], [ -101.58, 1.318 ], [ -101.487, 1.389 ], [ -101.423, 1.338 ], [ -101.153, 1.386 ], [ -100.908, 1.743 ], [ -101.512, 2.232 ], [ -100.066, 2.207 ], [ -100.047, 2.3 ], [ -98.917, 2.112 ], [ -98.889, 2.213 ], [ -97.551, 2.088 ], [ -97.585, 1.898 ], [ -96.175, 1.873 ], [ -96.12, 2.238 ], [ -95.224, 2.222 ], [ -95.198, 2.507 ], [ -93.611, 2.372 ], [ -92.09, 2.2 ], [ -92.118, 1.99 ], [ -91.538, 2.011 ], [ -91.561, 1.817 ], [ -90.697, 1.736 ], [ -90.663, 1.12 ], [ -85.386, 0.832 ], [ -85.349, 1.644 ], [ -84.576, 1.598 ], [ -84.567, 2.534 ], [ -84.467, 3.112 ], [ -82.806, 3.118 ], [ -82.875, 3.595 ], [ -82.875, 7.366 ], [ -82.748, 7.283 ], [ -82.338, 7.251 ], [ -82.202, 7.041 ], [ -81.944, 6.95 ], [ -81.741, 7.061 ], [ -81.342, 7.099 ], [ -80.687, 7.415 ], [ -80.096, 7.101 ], [ -79.24, 7.301 ], [ -78.646, 7.337 ], [ -78.747, 7.031 ], [ -78.195, 6.461 ], [ -77.91, 5.505 ], [ -78.342, 4.066 ], [ -78.662, 3.392 ], [ -80.292, 1.549 ], [ -81.229, -0.284 ], [ -81.598, -1.814 ], [ -81.532, -2.437 ], [ -81.652, -3.0 ], [ -81.599, -3.245 ], [ -81.926, -3.721 ], [ -82.01, -4.504 ], [ -81.954, -6.003 ], [ -81.375, -7.988 ], [ -80.701, -9.434 ], [ -79.618, -11.291 ], [ -78.148, -13.387 ], [ -75.292, -16.33 ], [ -72.737, -18.257 ], [ -71.746, -19.298 ], [ -71.362, -20.249 ], [ -71.249, -21.262 ], [ -71.524, -25.093 ], [ -71.958, -27.755 ], [ -72.433, -28.901 ], [ -72.555, -29.536 ], [ -72.618, -30.965 ], [ -72.762, -32.319 ], [ -72.889, -32.742 ], [ -72.861, -33.358 ], [ -72.937, -33.837 ], [ -73.675, -34.888 ], [ -73.897, -35.578 ], [ -74.262, -36.165 ], [ -74.442, -36.725 ], [ -74.655, -38.138 ], [ -75.149, -39.564 ], [ -75.189, -40.863 ], [ -75.392, -41.367 ], [ -75.402, -42.284 ], [ -75.632, -43.648 ], [ -75.782, -44.051 ], [ -75.821, -44.849 ], [ -76.006, -45.658 ], [ -76.675, -45.643 ], [ -77.661, -45.76 ], [ -77.99, -45.092 ], [ -78.206, -44.411 ], [ -80.281, -44.782 ], [ -81.935, -44.964 ], [ -82.351, -43.639 ], [ -82.509, -42.861 ], [ -83.447, -42.981 ], [ -83.827, -41.125 ], [ -87.336, -41.521 ], [ -87.417, -41.273 ], [ -90.054, -41.432 ], [ -90.088, -41.058 ], [ -91.391, -41.102 ], [ -91.658, -38.866 ], [ -93.022, -38.967 ], [ -93.075, -38.429 ], [ -93.996, -38.482 ], [ -94.13, -37.001 ], [ -97.413, -36.871 ], [ -97.402, -36.294 ], [ -100.645, -36.063 ], [ -108.797, -35.132 ], [ -109.259, -34.545 ], [ -109.27, -33.917 ] ] ] } },
{ "type": "Feature", "properties": { "Code": "PA" }, "geometry": { "type": "MultiPolygon", "coordinates": [ [ [ [ -180.0, -37.161 ], [ -179.044, -35.542 ], [ -178.641, -35.022 ], [ -178.294, -34.241 ], [ -178.208, -33.846 ], [ -177.981, -33.579 ], [ -177.81, -33.191 ], [ -177.666, -32.696 ], [ -177.649, -32.203 ], [ -177.538, -31.957 ], [ -177.301, -31.793 ], [ -177.108, -31.452 ], [ -176.153, -29.469 ], [ -175.785, -27.784 ], [ -175.4, -26.857 ], [ -175.415, -26.025 ], [ -175.102, -24.07 ], [ -173.952, -21.915 ], [ -173.053, -19.779 ], [ -172.445, -17.677 ], [ -172.3, -16.041 ], [ -172.355, -15.561 ], [ -172.602, -15.151 ], [ -173.407, -14.584 ], [ -173.836, -14.534 ], [ -174.083, -14.379 ], [ -174.754, -14.334 ], [ -175.865, -14.478 ], [ -176.346, -14.634 ], [ -177.415, -14.706 ], [ -177.746, -14.646 ], [ -178.733, -13.986 ], [ -178.768, -14.23 ], [ -178.888, -14.224 ], [ -179.048, -14.927 ], [ -179.288, -14.936 ], [ -179.444, -15.527 ], [ -179.739, -15.542 ], [ -180.0, -15.362 ], [ -180.0, 50.503 ], [ -177.088, 50.496 ], [ -176.223, 50.588 ], [ -175.629, 50.745 ], [ -171.634, 51.171 ], [ -170.159, 51.44 ], [ -162.413, 53.367 ], [ -157.986, 54.101 ], [ -156.138, 54.527 ], [ -155.239, 54.785 ], [ -152.227, 56.058 ], [ -150.081, 56.623 ], [ -148.257, 57.347 ], [ -146.759, 58.352 ], [ -145.756, 59.274 ], [ -144.316, 59.918 ], [ -142.405, 60.465 ], [ -141.074, 60.31 ], [ -140.128, 60.381 ], [ -139.396, 60.09 ], [ -138.86, 59.762 ], [ -137.107, 58.438 ], [ -135.903, 56.621 ], [ -134.151, 54.812 ], [ -133.093, 53.522 ], [ -132.714, 53.127 ], [ -130.85, 51.612 ], [ -131.074, 51.185 ], [ -130.254, 50.465 ], [ -130.329, 50.298 ], [ -130.162, 50.217 ], [ -130.3, 50.055 ], [ -130.162, 49.983 ], [ -130.501, 49.479 ], [ -128.919, 48.869 ], [ -129.147, 48.476 ], [ -128.94, 48.324 ], [ -129.19, 47.835 ], [ -128.938, 47.727 ], [ -129.572, 46.402 ], [ -129.803, 46.433 ], [ -129.917, 46.229 ], [ -130.051, 46.196 ], [ -130.073, 45.943 ], [ -129.869, 45.896 ], [ -130.187, 45.414 ], [ -130.069, 45.285 ], [ -130.367, 44.93 ], [ -130.48, 44.589 ], [ -126.627, 43.014 ], [ -127.039, 42.357 ], [ -127.241, 41.692 ], [ -127.446, 41.555 ], [ -127.56, 41.589 ], [ -127.717, 40.573 ], [ -127.579, 40.539 ], [ -127.579, 40.45 ], [ -124.416, 40.311 ], [ -123.305, 38.541 ], [ -122.38, 37.527 ], [ -121.305, 36.698 ], [ -119.329, 34.981 ], [ -116.66, 34.042 ], [ -116.209, 33.771 ], [ -115.596, 33.237 ], [ -115.717, 33.13 ], [ -115.508, 32.958 ], [ -115.581, 32.876 ], [ -115.212, 32.512 ], [ -115.33, 32.418 ], [ -114.522, 31.786 ], [ -114.118, 31.356 ], [ -114.439, 31.097 ], [ -113.807, 30.314 ], [ -114.041, 30.121 ], [ -113.758, 29.834 ], [ -113.969, 29.646 ], [ -113.281, 29.008 ], [ -113.339, 28.95 ], [ -113.087, 28.715 ], [ -111.382, 27.497 ], [ -111.569, 27.215 ], [ -111.373, 27.105 ], [ -111.506, 26.927 ], [ -110.68, 26.361 ], [ -110.778, 26.225 ], [ -109.806, 25.557 ], [ -110.007, 25.339 ], [ -109.062, 24.658 ], [ -109.276, 24.396 ], [ -108.357, 23.614 ], [ -108.651, 23.241 ], [ -108.388, 23.082 ], [ -108.01, 22.986 ], [ -108.527, 22.277 ], [ -108.676, 21.96 ], [ -108.582, 21.905 ], [ -108.936, 21.451 ], [ -108.977, 21.347 ], [ -108.809, 21.253 ], [ -109.261, 20.643 ], [ -109.215, 20.397 ], [ -109.45, 20.027 ], [ -108.903, 19.626 ], [ -108.896, 19.55 ], [ -108.198, 19.224 ], [ -108.233, 19.107 ], [ -107.002, 18.647 ], [ -106.244, 18.52 ], [ -106.308, 17.929 ], [ -105.586, 17.881 ], [ -105.399, 17.768 ], [ -105.32, 15.108 ], [ -104.69, 15.275 ], [ -104.437, 14.07 ], [ -103.927, 12.587 ], [ -103.772, 11.89 ], [ -103.875, 11.872 ], [ -103.598, 10.123 ], [ -104.296, 10.017 ], [ -104.258, 8.456 ], [ -104.229, 8.34 ], [ -102.961, 8.4 ], [ -102.659, 7.182 ], [ -102.184, 3.778 ], [ -102.259, 3.751 ], [ -102.219, 3.239 ], [ -102.068, 2.635 ], [ -102.088, 1.903 ], [ -102.133, 1.778 ], [ -102.262, 1.752 ], [ -102.181, 1.134 ], [ -102.21, 0.706 ], [ -102.524, -1.283 ], [ -102.399, -1.283 ], [ -102.462, -1.533 ], [ -102.307, -1.596 ], [ -102.402, -1.907 ], [ -102.621, -1.906 ], [ -102.754, -2.934 ], [ -102.566, -2.936 ], [ -102.571, -3.435 ], [ -102.735, -4.056 ], [ -104.539, -3.844 ], [ -104.699, -4.152 ], [ -105.38, -4.078 ], [ -105.544, -4.569 ], [ -106.253, -4.494 ], [ -106.587, -5.624 ], [ -106.741, -5.62 ], [ -106.752, -6.019 ], [ -106.845, -6.016 ], [ -106.95, -6.443 ], [ -107.441, -6.367 ], [ -107.607, -6.759 ], [ -107.653, -7.186 ], [ -107.88, -7.514 ], [ -108.063, -8.24 ], [ -108.192, -8.357 ], [ -108.32, -9.145 ], [ -109.756, -8.925 ], [ -109.857, -9.677 ], [ -110.071, -9.665 ], [ -110.218, -10.08 ], [ -110.292, -10.802 ], [ -110.447, -10.822 ], [ -110.485, -11.394 ], [ -110.675, -11.472 ], [ -110.926, -11.968 ], [ -111.077, -12.742 ], [ -110.892, -12.755 ], [ -111.007, -13.411 ], [ -111.191, -13.396 ], [ -111.266, -13.541 ], [ -112.426, -13.386 ], [ -112.439, -13.865 ], [ -112.581, -14.062 ], [ -112.613, -14.718 ], [ -112.766, -14.704 ], [ -112.973, -15.792 ], [ -113.066, -16.351 ], [ -112.973, -16.361 ], [ -113.165, -16.67 ], [ -113.041, -16.683 ], [ -113.241, -17.051 ], [ -113.117, -17.065 ], [ -113.329, -17.521 ], [ -113.174, -17.538 ], [ -113.388, -17.994 ], [ -113.264, -18.008 ], [ -113.52, -18.758 ], [ -113.364, -18.777 ], [ -113.623, -19.285 ], [ -113.498, -19.301 ], [ -113.796, -20.321 ], [ -113.931, -20.574 ], [ -114.087, -20.599 ], [ -114.379, -21.627 ], [ -114.567, -23.024 ], [ -114.875, -23.04 ], [ -114.962, -23.179 ], [ -115.183, -23.237 ], [ -115.254, -23.397 ], [ -115.599, -23.468 ], [ -115.402, -24.017 ], [ -115.912, -24.242 ], [ -115.968, -24.383 ], [ -116.184, -24.458 ], [ -116.225, -24.556 ], [ -116.099, -24.847 ], [ -116.49, -25.172 ], [ -116.353, -25.416 ], [ -115.105, -26.604 ], [ -113.944, -26.79 ], [ -112.976, -26.83 ], [ -113.112, -27.014 ], [ -113.133, -27.577 ], [ -113.001, -27.607 ], [ -112.971, -27.849 ], [ -112.934, -28.379 ], [ -113.01, -28.383 ], [ -113.02, -28.787 ], [ -112.956, -29.009 ], [ -111.806, -29.266 ], [ -111.775, -30.187 ], [ -112.065, -32.114 ], [ -112.151, -32.343 ], [ -112.356, -32.328 ], [ -112.415, -32.489 ], [ -112.46, -33.399 ], [ -112.504, -33.65 ], [ -112.604, -33.663 ], [ -112.628, -33.999 ], [ -112.417, -34.556 ], [ -110.827, -35.091 ], [ -110.895, -35.797 ], [ -110.579, -35.83 ], [ -110.739, -36.358 ], [ -110.471, -36.41 ], [ -111.268, -38.878 ], [ -111.27, -38.978 ], [ -110.391, -38.986 ], [ -110.677, -40.164 ], [ -110.954, -42.249 ], [ -111.349, -42.2 ], [ -112.216, -44.381 ], [ -112.675, -45.833 ], [ -112.426, -45.854 ], [ -113.875, -49.849 ], [ -116.388, -49.367 ], [ -117.225, -50.418 ], [ -118.422, -52.212 ], [ -118.977, -52.897 ], [ -117.661, -53.124 ], [ -118.037, -53.691 ], [ -118.581, -54.818 ], [ -120.663, -54.41 ], [ -121.635, -55.832 ], [ -121.862, -56.026 ], [ -125.077, -55.454 ], [ -126.197, -55.138 ], [ -126.8, -55.064 ], [ -127.231, -55.565 ], [ -128.624, -55.321 ], [ -136.18, -53.396 ], [ -136.59, -53.907 ], [ -137.89, -53.568 ], [ -139.578, -55.615 ], [ -139.191, -55.725 ], [ -139.545, -56.268 ], [ -140.325, -57.053 ], [ -142.086, -56.619 ], [ -144.857, -55.784 ], [ -147.167, -57.638 ], [ -147.692, -57.555 ], [ -148.276, -58.13 ], [ -150.382, -59.718 ], [ -151.329, -59.469 ], [ -154.181, -61.836 ], [ -154.324, -61.776 ], [ -156.022, -62.952 ], [ -156.717, -63.324 ], [ -158.394, -62.788 ], [ -158.703, -63.004 ], [ -159.888, -62.595 ], [ -160.43, -62.923 ], [ -162.061, -62.394 ], [ -163.921, -63.467 ], [ -166.608, -62.49 ], [ -170.043, -64.859 ], [ -171.3, -64.356 ], [ -174.418, -65.835 ], [ -175.729, -65.183 ], [ -178.793, -66.163 ], [ -180.0, -65.749 ], [ -180.0, -37.161 ] ] ], [ [ [ 160.74, -61.053 ], [ 160.327, -60.504 ], [ 159.803, -60.005 ], [ 158.267, -58.779 ], [ 157.62, -57.783 ], [ 157.703, -56.992 ], [ 158.465, -55.522 ], [ 158.674, -54.689 ], [ 159.216, -53.619 ], [ 159.318, -53.598 ], [ 159.512, -53.345 ], [ 160.342, -52.634 ], [ 161.716, -51.192 ], [ 162.594, -50.549 ], [ 162.963, -50.369 ], [ 163.235, -50.079 ], [ 164.215, -48.592 ], [ 164.483, -47.92 ], [ 164.48, -47.759 ], [ 164.923, -47.011 ], [ 165.021, -46.601 ], [ 165.427, -46.19 ], [ 166.205, -45.736 ], [ 167.1, -44.826 ], [ 167.688, -44.466 ], [ 168.488, -44.166 ], [ 171.473, -42.675 ], [ 175.503, -42.059 ], [ 177.607, -41.5 ], [ 178.015, -41.188 ], [ 178.792, -40.087 ], [ 179.215, -38.888 ], [ 180.0, -37.161 ], [ 180.0, -65.749 ], [ 177.889, -64.975 ], [ 175.582, -63.984 ], [ 173.631, -64.738 ], [ 172.164, -64.097 ], [ 170.068, -62.972 ], [ 169.238, -62.446 ], [ 166.858, -63.221 ], [ 165.103, -62.077 ], [ 163.202, -62.66 ], [ 161.975, -61.763 ], [ 161.228, -61.457 ], [ 160.74, -61.053 ] ] ], [ [ [ 180.0, -15.362 ], [ 178.469, -14.501 ], [ 176.618, -13.731 ], [ 176.021, -13.643 ], [ 175.947, -13.422 ], [ 175.314, -13.244 ], [ 174.661, -13.415 ], [ 173.941, -13.295 ], [ 173.671, -13.517 ], [ 172.434, -13.435 ], [ 171.972, -13.678 ], [ 171.296, -13.793 ], [ 171.295, -14.066 ], [ 171.181, -14.083 ], [ 170.642, -14.088 ], [ 170.638, -13.942 ], [ 169.739, -13.953 ], [ 169.739, -13.824 ], [ 169.231, -13.799 ], [ 169.234, -13.651 ], [ 168.577, -13.602 ], [ 168.596, -13.514 ], [ 166.154, -13.779 ], [ 165.621, -11.887 ], [ 165.396, -11.549 ], [ 165.07, -11.287 ], [ 164.409, -11.091 ], [ 162.109, -11.434 ], [ 161.384, -11.232 ], [ 161.125, -11.13 ], [ 160.725, -10.787 ], [ 159.003, -9.65 ], [ 158.273, -9.39 ], [ 157.177, -8.746 ], [ 156.706, -8.563 ], [ 155.812, -7.706 ], [ 154.927, -7.293 ], [ 154.533, -6.423 ], [ 154.592, -5.581 ], [ 154.978, -5.24 ], [ 154.955, -4.55 ], [ 154.359, -3.948 ], [ 154.256, -3.612 ], [ 153.711, -2.688 ], [ 153.119, -2.2 ], [ 152.578, -2.134 ], [ 151.816, -1.646 ], [ 151.089, -1.308 ], [ 149.769, -1.005 ], [ 149.27, -0.65 ], [ 149.112, 0.406 ], [ 148.7, 1.487 ], [ 148.694, 3.137 ], [ 147.772, 4.393 ], [ 146.382, 5.883 ], [ 146.001, 6.16 ], [ 145.067, 6.503 ], [ 143.558, 6.805 ], [ 140.579, 8.666 ], [ 138.359, 9.379 ], [ 138.574, 9.953 ], [ 138.813, 11.121 ], [ 139.483, 10.901 ], [ 140.1, 10.946 ], [ 140.772, 10.858 ], [ 141.608, 11.058 ], [ 142.122, 11.285 ], [ 142.961, 11.403 ], [ 143.097, 11.569 ], [ 143.503, 11.494 ], [ 145.349, 12.314 ], [ 145.691, 12.647 ], [ 146.752, 13.363 ], [ 147.201, 14.216 ], [ 147.684, 15.653 ], [ 147.856, 17.283 ], [ 147.82, 18.647 ], [ 147.46, 19.745 ], [ 146.822, 21.331 ], [ 146.545, 21.73 ], [ 146.062, 22.202 ], [ 145.292, 22.712 ], [ 144.022, 23.764 ], [ 143.096, 24.909 ], [ 143.075, 25.612 ], [ 143.26, 26.737 ], [ 143.172, 27.941 ], [ 143.002, 28.519 ], [ 142.507, 29.621 ], [ 142.473, 30.128 ], [ 142.224, 30.711 ], [ 141.994, 32.558 ], [ 142.012, 33.253 ], [ 141.858, 33.704 ], [ 142.067, 35.164 ], [ 142.46, 35.673 ], [ 142.555, 35.944 ], [ 143.275, 36.649 ], [ 143.843, 37.71 ], [ 144.189, 39.123 ], [ 144.283, 40.067 ], [ 144.479, 40.549 ], [ 144.454, 40.847 ], [ 145.71, 41.788 ], [ 146.69, 42.362 ], [ 149.311, 43.721 ], [ 151.419, 44.704 ], [ 153.528, 45.897 ], [ 155.141, 47.263 ], [ 158.121, 49.552 ], [ 159.174, 50.155 ], [ 160.599, 51.488 ], [ 160.945, 52.159 ], [ 161.584, 52.654 ], [ 162.458, 53.003 ], [ 163.282, 54.347 ], [ 164.066, 55.209 ], [ 165.771, 54.588 ], [ 166.407, 54.237 ], [ 167.413, 53.906 ], [ 168.836, 53.208 ], [ 171.847, 52.026 ], [ 172.964, 51.684 ], [ 177.68, 50.698 ], [ 180.0, 50.503 ], [ 180.0, -15.362 ] ] ] ] } },
{ "type": "Feature", "properties": { "Code": "AR" }, "geometry": { "type": "Polygon", "coordinates": [ [ [ 64.275, 23.694 ], [ 62.133, 22.083 ], [ 62.096, 21.425 ], [ 60.97, 19.813 ], [ 60.215, 18.24 ], [ 60.062, 17.458 ], [ 59.909, 15.572 ], [ 59.41, 14.895 ], [ 59.034, 15.088 ], [ 58.589, 14.646 ], [ 58.213, 14.916 ], [ 57.984, 14.599 ], [ 57.476, 14.662 ], [ 56.179, 14.621 ], [ 55.631, 14.681 ], [ 55.108, 14.851 ], [ 55.047, 14.712 ], [ 54.549, 14.87 ], [ 54.451, 14.621 ], [ 54.069, 14.772 ], [ 53.863, 14.351 ], [ 52.737, 14.681 ], [ 52.667, 14.562 ], [ 52.139, 14.689 ], [ 51.253, 13.122 ], [ 50.662, 13.362 ], [ 50.573, 13.218 ], [ 50.31, 13.313 ], [ 50.167, 13.123 ], [ 49.68, 13.313 ], [ 49.278, 12.802 ], [ 48.882, 12.908 ], [ 48.699, 12.658 ], [ 48.448, 12.729 ], [ 48.349, 12.573 ], [ 48.048, 12.671 ], [ 47.901, 12.461 ], [ 47.649, 12.519 ], [ 47.539, 12.369 ], [ 47.161, 12.463 ], [ 47.13, 12.359 ], [ 46.992, 12.403 ], [ 46.849, 12.211 ], [ 46.579, 12.292 ], [ 46.429, 12.088 ], [ 46.198, 12.172 ], [ 46.11, 12.058 ], [ 45.637, 12.159 ], [ 45.522, 11.983 ], [ 45.328, 12.053 ], [ 45.281, 11.998 ], [ 43.65, 12.013 ], [ 42.033, 11.577 ], [ 41.649, 12.189 ], [ 41.206, 11.811 ], [ 40.507, 12.6 ], [ 40.091, 13.209 ], [ 40.614, 13.742 ], [ 39.777, 15.138 ], [ 39.671, 15.772 ], [ 40.172, 16.304 ], [ 40.331, 17.266 ], [ 39.987, 17.949 ], [ 39.59, 18.419 ], [ 39.298, 19.03 ], [ 38.396, 19.908 ], [ 38.075, 20.389 ], [ 37.825, 21.843 ], [ 37.54, 22.495 ], [ 37.043, 23.226 ], [ 36.571, 23.639 ], [ 35.889, 25.484 ], [ 34.547, 27.262 ], [ 34.257, 27.885 ], [ 34.952, 30.0 ], [ 35.47, 32.004 ], [ 35.726, 33.71 ], [ 36.325, 34.482 ], [ 36.467, 36.73 ], [ 36.79, 37.398 ], [ 38.042, 37.994 ], [ 40.163, 38.768 ], [ 40.624, 38.857 ], [ 41.002, 39.08 ], [ 41.026, 38.849 ], [ 41.236, 38.616 ], [ 42.797, 37.991 ], [ 44.02, 37.098 ], [ 44.357, 36.572 ], [ 45.0, 34.591 ], [ 45.918, 33.391 ], [ 46.608, 32.887 ], [ 47.411, 32.448 ], [ 47.77, 32.311 ], [ 48.489, 32.237 ], [ 49.036, 31.621 ], [ 49.492, 30.802 ], [ 51.057, 29.578 ], [ 50.998, 29.072 ], [ 51.283, 28.487 ], [ 51.912, 27.957 ], [ 53.86, 26.717 ], [ 54.728, 26.668 ], [ 55.662, 26.947 ], [ 56.423, 27.369 ], [ 56.875, 27.301 ], [ 57.121, 25.552 ], [ 57.345, 24.788 ], [ 57.832, 24.443 ], [ 61.955, 24.087 ], [ 62.581, 24.283 ], [ 65.028, 24.382 ], [ 64.275, 23.694 ] ] ] } },
{ "type": "Feature", "properties": { "Code": "SU" }, "geometry": { "type": "Polygon", "coordinates": [ [ [ 103.183, -7.621 ], [ 102.452, -7.197 ], [ 101.346, -5.983 ], [ 98.874, -2.665 ], [ 98.301, -2.021 ], [ 97.77, -1.247 ], [ 96.67, 0.759 ], [ 96.202, 1.345 ], [ 96.743, 1.763 ], [ 96.783, 2.185 ], [ 96.567, 4.644 ], [ 95.435, 5.715 ], [ 94.498, 6.837 ], [ 94.883, 7.139 ], [ 94.46, 7.603 ], [ 94.775, 7.847 ], [ 93.986, 9.019 ], [ 94.415, 9.27 ], [ 94.024, 10.17 ], [ 94.807, 11.188 ], [ 95.857, 13.783 ], [ 96.503, 14.129 ], [ 96.48, 14.4 ], [ 99.21, 14.446 ], [ 99.766, 14.838 ], [ 100.832, 16.084 ], [ 101.451, 17.066 ], [ 102.615, 17.633 ], [ 105.817, 17.75 ], [ 110.512, 17.783 ], [ 112.628, 18.121 ], [ 114.0, 18.438 ], [ 114.926, 19.341 ], [ 115.494, 19.687 ], [ 117.145, 19.94 ], [ 117.864, 20.72 ], [ 118.045, 21.498 ], [ 118.484, 22.107 ], [ 118.958, 22.003 ], [ 119.618, 22.269 ], [ 120.452, 21.632 ], [ 120.29, 20.631 ], [ 120.502, 20.255 ], [ 120.441, 19.937 ], [ 119.795, 18.878 ], [ 119.279, 18.201 ], [ 119.161, 17.629 ], [ 119.255, 16.556 ], [ 124.891, 14.704 ], [ 125.686, 12.818 ], [ 126.137, 12.265 ], [ 126.24, 11.63 ], [ 126.214, 11.06 ], [ 126.573, 10.296 ], [ 127.219, 8.136 ], [ 127.25, 6.447 ], [ 127.459, 5.897 ], [ 127.498, 5.474 ], [ 127.836, 5.224 ], [ 128.151, 4.763 ], [ 129.217, 2.671 ], [ 129.197, 1.059 ], [ 128.752, 1.623 ], [ 128.187, 1.974 ], [ 128.081, 2.29 ], [ 126.872, 2.346 ], [ 126.426, 1.706 ], [ 126.144, 1.001 ], [ 125.969, 0.19 ], [ 125.263, -0.446 ], [ 124.416, 0.013 ], [ 124.01, 0.437 ], [ 123.535, 1.354 ], [ 123.43, 2.006 ], [ 123.219, 2.024 ], [ 122.48, 2.377 ], [ 120.824, 2.311 ], [ 120.189, 2.208 ], [ 119.696, 2.033 ], [ 119.306, 1.577 ], [ 119.249, 0.714 ], [ 119.475, -0.081 ], [ 118.723, -2.408 ], [ 118.578, -3.255 ], [ 118.823, -3.61 ], [ 119.565, -3.966 ], [ 120.341, -4.64 ], [ 120.516, -5.276 ], [ 120.62, -6.122 ], [ 120.543, -7.812 ], [ 120.61, -9.007 ], [ 121.033, -10.165 ], [ 120.886, -11.492 ], [ 120.451, -11.524 ], [ 119.27, -11.393 ], [ 116.853, -11.331 ], [ 115.571, -11.219 ], [ 114.41, -11.088 ], [ 111.015, -10.477 ], [ 109.067, -10.328 ], [ 107.836, -10.053 ], [ 106.827, -9.665 ], [ 104.981, -8.569 ], [ 104.576, -8.167 ], [ 103.183, -7.621 ] ] ] } },
{ "type": "Feature", "properties": { "Code": "TI" }, "geometry": { "type": "Polygon", "coordinates": [ [ [ 121.033, -10.165 ], [ 120.61, -9.007 ], [ 120.543, -7.812 ], [ 121.891, -8.062 ], [ 122.673, -7.853 ], [ 124.235, -7.784 ], [ 126.755, -7.185 ], [ 127.393, -7.184 ], [ 129.236, -6.334 ], [ 130.443, -6.717 ], [ 131.577, -6.642 ], [ 132.689, -6.681 ], [ 131.415, -8.267 ], [ 130.54, -8.726 ], [ 129.861, -8.926 ], [ 127.43, -9.221 ], [ 125.869, -9.784 ], [ 124.734, -10.39 ], [ 123.217, -10.995 ], [ 121.783, -11.412 ], [ 120.886, -11.492 ], [ 121.033, -10.165 ] ] ] } },
{ "type": "Feature", "properties": { "Code": "KE" }, "geometry": { "type": "Polygon", "coordinates": [ [ [ -180.0, -32.304 ], [ -179.393, -30.997 ], [ -179.074, -29.792 ], [ -178.017, -26.767 ], [ -177.419, -24.105 ], [ -174.985, -23.75 ], [ -175.209, -24.472 ], [ -175.382, -25.729 ], [ -175.4, -26.857 ], [ -175.785, -27.784 ], [ -176.153, -29.469 ], [ -177.108, -31.452 ], [ -177.301, -31.793 ], [ -177.538, -31.957 ], [ -177.649, -32.203 ], [ -177.666, -32.696 ], [ -177.81, -33.191 ], [ -177.981, -33.579 ], [ -178.208, -33.846 ], [ -178.294, -34.241 ], [ -178.641, -35.022 ], [ -179.044, -35.542 ], [ -180.0, -37.161 ], [ -180.0, -32.304 ] ] ] } },
{ "type": "Feature", "properties": { "Code": "KE" }, "geometry": { "type": "Polygon", "coordinates": [ [ [ 175.503, -42.059 ], [ 174.945, -41.757 ], [ 174.763, -41.566 ], [ 174.632, -41.157 ], [ 175.324, -40.791 ], [ 176.074, -40.046 ], [ 175.609, -39.23 ], [ 178.681, -34.786 ], [ 180.0, -32.304 ], [ 180.0, -37.161 ], [ 179.215, -38.888 ], [ 178.792, -40.087 ], [ 178.015, -41.188 ], [ 177.607, -41.5 ], [ 175.503, -42.059 ] ] ] } },
{ "type": "Feature", "properties": { "Code": "TO" }, "geometry": { "type": "Polygon", "coordinates": [ [ [ -177.419, -24.105 ], [ -176.748, -22.734 ], [ -176.691, -22.286 ], [ -176.19, -20.655 ], [ -176.116, -20.129 ], [ -176.182, -20.106 ], [ -175.979, -19.386 ], [ -175.21, -19.704 ], [ -175.035, -18.788 ], [ -174.568, -17.842 ], [ -174.568, -16.052 ], [ -174.601, -15.936 ], [ -174.87, -15.88 ], [ -174.822, -15.616 ], [ -174.567, -15.25 ], [ -174.264, -15.314 ], [ -173.836, -14.534 ], [ -173.407, -14.584 ], [ -172.602, -15.151 ], [ -172.355, -15.561 ], [ -172.3, -16.041 ], [ -172.374, -17.271 ], [ -173.218, -20.204 ], [ -173.952, -21.915 ], [ -174.985, -23.75 ], [ -177.419, -24.105 ] ] ] } },
{ "type": "Feature", "properties": { "Code": "NI" }, "geometry": { "type": "Polygon", "coordinates": [ [ [ -174.264, -15.314 ], [ -174.567, -15.25 ], [ -174.866, -15.739 ], [ -174.87, -15.88 ], [ -174.601, -15.936 ], [ -174.568, -16.052 ], [ -174.568, -17.842 ], [ -175.035, -18.788 ], [ -175.21, -19.704 ], [ -176.549, -19.217 ], [ -176.584, -18.768 ], [ -176.33, -18.267 ], [ -176.304, -18.055 ], [ -176.921, -16.877 ], [ -177.678, -16.177 ], [ -177.634, -16.024 ], [ -177.13, -15.559 ], [ -176.66, -15.604 ], [ -176.526, -15.489 ], [ -176.341, -15.184 ], [ -176.346, -14.634 ], [ -175.865, -14.478 ], [ -174.754, -14.334 ], [ -174.083, -14.379 ], [ -173.836, -14.534 ], [ -174.264, -15.314 ] ] ] } },
{ "type": "Feature", "properties": { "Code": "WL" }, "geometry": { "type": "Polygon", "coordinates": [ [ [ 138.793, -1.159 ], [ 140.226, -1.767 ], [ 140.837, -1.893 ], [ 141.195, -2.167 ], [ 141.868, -2.398 ], [ 142.633, -2.932 ], [ 143.508, -3.156 ], [ 143.743, -3.46 ], [ 144.416, -4.004 ], [ 145.007, -5.202 ], [ 145.505, -5.762 ], [ 146.497, -6.513 ], [ 146.956, -6.718 ], [ 147.476, -7.103 ], [ 148.01, -7.312 ], [ 148.587, -7.395 ], [ 149.148, -7.665 ], [ 150.173, -7.629 ], [ 151.68, -7.955 ], [ 152.959, -8.544 ], [ 153.237, -8.89 ], [ 153.255, -9.186 ], [ 153.697, -8.966 ], [ 155.454, -7.489 ], [ 156.047, -7.884 ], [ 156.296, -8.174 ], [ 156.428, -9.179 ], [ 156.101, -9.268 ], [ 156.086, -9.538 ], [ 155.599, -9.581 ], [ 155.436, -9.493 ], [ 155.172, -9.621 ], [ 155.172, -9.73 ], [ 155.07, -9.795 ], [ 154.856, -9.839 ], [ 154.849, -9.723 ], [ 154.218, -9.913 ], [ 154.169, -10.323 ], [ 153.362, -10.398 ], [ 152.855, -10.384 ], [ 152.849, -10.088 ], [ 152.223, -10.039 ], [ 152.214, -9.945 ], [ 151.838, -9.906 ], [ 151.834, -9.761 ], [ 151.545, -9.676 ], [ 150.466, -9.687 ], [ 150.245, -9.945 ], [ 149.676, -9.801 ], [ 149.133, -9.353 ], [ 148.751, -9.57 ], [ 148.207, -9.212 ], [ 146.954, -8.598 ], [ 146.918, -8.41 ], [ 144.74, -7.023 ], [ 141.483, -5.727 ], [ 140.798, -5.11 ], [ 140.328, -4.045 ], [ 139.439, -2.578 ], [ 138.793, -1.159 ] ] ] } },
{ "type": "Feature", "properties": { "Code": "MO" }, "geometry": { "type": "Polygon", "coordinates": [ [ [ 139.731, -4.751 ], [ 138.01, -4.337 ], [ 136.167, -4.177 ], [ 134.966, -4.298 ], [ 135.262, -3.849 ], [ 136.931, -2.493 ], [ 138.003, -1.9 ], [ 138.972, -1.607 ], [ 139.439, -2.578 ], [ 140.328, -4.045 ], [ 140.798, -5.11 ], [ 139.731, -4.751 ] ] ] } },
{ "type": "Feature", "properties": { "Code": "SB" }, "geometry": { "type": "Polygon", "coordinates": [ [ [ 148.01, -7.312 ], [ 147.476, -7.103 ], [ 146.956, -6.718 ], [ 146.497, -6.513 ], [ 145.505, -5.762 ], [ 145.007, -5.202 ], [ 144.416, -4.004 ], [ 143.743, -3.46 ], [ 144.807, -3.55 ], [ 146.415, -3.438 ], [ 146.836, -3.755 ], [ 147.407, -2.962 ], [ 147.816, -2.813 ], [ 148.675, -3.306 ], [ 149.295, -3.522 ], [ 149.773, -3.592 ], [ 150.24, -3.903 ], [ 150.987, -3.692 ], [ 151.095, -3.806 ], [ 151.301, -3.656 ], [ 151.428, -3.754 ], [ 151.563, -3.665 ], [ 151.675, -3.769 ], [ 152.038, -3.636 ], [ 152.557, -4.039 ], [ 153.93, -6.265 ], [ 153.107, -5.741 ], [ 152.653, -5.64 ], [ 151.876, -5.926 ], [ 150.663, -6.694 ], [ 150.146, -6.881 ], [ 149.314, -7.032 ], [ 148.587, -7.395 ], [ 148.01, -7.312 ] ] ] } },
{ "type": "Feature", "properties": { "Code": "SS" }, "geometry": { "type": "Polygon", "coordinates": [ [ [ 154.54, -6.818 ], [ 154.927, -7.293 ], [ 155.454, -7.489 ], [ 153.697, -8.966 ], [ 153.255, -9.186 ], [ 153.237, -8.89 ], [ 152.959, -8.544 ], [ 151.68, -7.955 ], [ 150.173, -7.629 ], [ 149.148, -7.665 ], [ 148.587, -7.395 ], [ 149.314, -7.032 ], [ 150.146, -6.881 ], [ 150.663, -6.694 ], [ 151.876, -5.926 ], [ 152.653, -5.64 ], [ 153.107, -5.741 ], [ 153.93, -6.265 ], [ 154.54, -6.818 ] ] ] } },
{ "type": "Feature", "properties": { "Code": "NB" }, "geometry": { "type": "Polygon", "coordinates": [ [ [ 152.557, -4.039 ], [ 152.038, -3.636 ], [ 151.675, -3.769 ], [ 151.563, -3.665 ], [ 151.428, -3.754 ], [ 150.879, -3.331 ], [ 150.732, -3.295 ], [ 150.616, -3.047 ], [ 150.135, -3.274 ], [ 149.816, -3.618 ], [ 148.878, -3.395 ], [ 147.816, -2.813 ], [ 147.407, -2.962 ], [ 146.836, -3.755 ], [ 146.415, -3.438 ], [ 144.807, -3.55 ], [ 143.743, -3.46 ], [ 143.508, -3.156 ], [ 142.633, -2.932 ], [ 142.246, -2.693 ], [ 142.922, -1.454 ], [ 143.26, -1.16 ], [ 144.357, -0.742 ], [ 145.919, -0.349 ], [ 146.595, -0.29 ], [ 147.354, -0.275 ], [ 147.859, -0.426 ], [ 148.724, -0.392 ], [ 149.27, -0.65 ], [ 149.769, -1.005 ], [ 151.089, -1.308 ], [ 151.816, -1.646 ], [ 152.578, -2.134 ], [ 153.119, -2.2 ], [ 153.711, -2.688 ], [ 154.256, -3.612 ], [ 154.359, -3.948 ], [ 154.955, -4.55 ], [ 154.978, -5.24 ], [ 154.592, -5.581 ], [ 154.533, -6.423 ], [ 154.927, -7.293 ], [ 154.54, -6.818 ], [ 153.93, -6.265 ], [ 152.557, -4.039 ] ] ] } },
{ "type": "Feature", "properties": { "Code": "NH" }, "geometry": { "type": "Polygon", "coordinates": [ [ [ 168.596, -13.514 ], [ 168.577, -13.602 ], [ 169.234, -13.651 ], [ 169.231, -13.799 ], [ 169.739, -13.824 ], [ 169.739, -13.953 ], [ 170.638, -13.942 ], [ 170.642, -14.088 ], [ 171.181, -14.083 ], [ 171.295, -14.066 ], [ 171.296, -13.793 ], [ 171.972, -13.678 ], [ 172.571, -13.411 ], [ 173.139, -14.51 ], [ 173.388, -15.361 ], [ 173.539, -15.605 ], [ 173.555, -15.697 ], [ 173.4, -15.779 ], [ 173.567, -16.151 ], [ 173.455, -16.259 ], [ 173.718, -16.713 ], [ 173.901, -16.849 ], [ 173.88, -17.163 ], [ 173.251, -18.532 ], [ 173.425, -18.52 ], [ 173.447, -18.774 ], [ 173.335, -20.086 ], [ 173.379, -21.14 ], [ 174.119, -21.148 ], [ 174.034, -22.488 ], [ 173.606, -22.835 ], [ 173.212, -22.834 ], [ 173.04, -23.007 ], [ 172.439, -23.178 ], [ 171.703, -23.146 ], [ 170.547, -22.827 ], [ 170.109, -22.587 ], [ 169.32, -21.909 ], [ 168.705, -21.016 ], [ 167.727, -19.236 ], [ 167.155, -17.307 ], [ 166.868, -16.987 ], [ 166.285, -15.887 ], [ 166.193, -15.345 ], [ 166.268, -14.559 ], [ 166.154, -13.779 ], [ 168.596, -13.514 ] ] ] } },
{ "type": "Feature", "properties": { "Code": "CA" }, "geometry": { "type": "Polygon", "coordinates": [ [ [ -60.912, 18.889 ], [ -60.729, 18.595 ], [ -60.534, 18.513 ], [ -59.819, 17.548 ], [ -59.088, 16.912 ], [ -58.824, 16.397 ], [ -58.666, 15.412 ], [ -57.913, 14.864 ], [ -57.791, 14.499 ], [ -57.568, 13.102 ], [ -57.424, 11.661 ], [ -57.533, 11.144 ], [ -57.762, 10.635 ], [ -58.157, 10.16 ], [ -62.158, 10.459 ], [ -63.878, 10.532 ], [ -64.508, 10.474 ], [ -65.121, 10.6 ], [ -65.964, 10.653 ], [ -66.869, 10.667 ], [ -67.961, 10.5 ], [ -68.086, 10.815 ], [ -68.379, 11.174 ], [ -69.594, 12.45 ], [ -70.659, 13.31 ], [ -71.195, 13.503 ], [ -71.84, 13.465 ], [ -73.303, 13.29 ], [ -73.632, 13.058 ], [ -74.058, 12.386 ], [ -74.476, 12.021 ], [ -75.123, 11.765 ], [ -75.631, 11.39 ], [ -76.594, 10.09 ], [ -76.703, 9.761 ], [ -76.684, 8.731 ], [ -76.924, 9.376 ], [ -77.291, 9.9 ], [ -77.679, 10.27 ], [ -78.229, 10.615 ], [ -78.745, 10.653 ], [ -79.234, 10.415 ], [ -80.365, 10.271 ], [ -81.079, 9.935 ], [ -81.654, 9.444 ], [ -82.08, 9.44 ], [ -83.021, 9.873 ], [ -83.465, 10.209 ], [ -84.424, 10.537 ], [ -85.124, 10.653 ], [ -85.435, 10.627 ], [ -86.648, 10.235 ], [ -87.462, 11.096 ], [ -88.319, 11.697 ], [ -90.293, 12.543 ], [ -90.898, 12.584 ], [ -90.81, 13.394 ], [ -89.372, 15.215 ], [ -88.876, 15.622 ], [ -87.723, 16.251 ], [ -84.248, 17.344 ], [ -81.625, 17.802 ], [ -81.754, 18.865 ], [ -76.356, 19.845 ], [ -73.238, 20.291 ], [ -72.332, 20.331 ], [ -71.277, 20.201 ], [ -69.977, 19.802 ], [ -68.853, 19.589 ], [ -66.259, 19.825 ], [ -65.128, 19.833 ], [ -63.36, 19.692 ], [ -62.847, 19.574 ], [ -61.553, 18.959 ], [ -60.912, 18.889 ] ] ] } },
{ "type": "Feature", "properties": { "Code": "CO" }, "geometry": { "type": "Polygon", "coordinates": [ [ [ -86.449, 9.938 ], [ -85.91, 9.423 ], [ -85.612, 9.203 ], [ -84.419, 8.637 ], [ -83.838, 8.182 ], [ -83.233, 7.849 ], [ -82.875, 7.366 ], [ -82.875, 3.595 ], [ -82.806, 3.118 ], [ -84.467, 3.112 ], [ -84.567, 2.534 ], [ -84.576, 1.598 ], [ -85.349, 1.644 ], [ -85.386, 0.832 ], [ -90.663, 1.12 ], [ -90.697, 1.736 ], [ -91.561, 1.817 ], [ -91.538, 2.011 ], [ -92.118, 1.99 ], [ -92.09, 2.2 ], [ -93.611, 2.372 ], [ -95.198, 2.507 ], [ -95.224, 2.222 ], [ -96.12, 2.238 ], [ -96.175, 1.873 ], [ -97.585, 1.898 ], [ -97.551, 2.088 ], [ -98.889, 2.213 ], [ -98.917, 2.112 ], [ -100.047, 2.3 ], [ -100.066, 2.207 ], [ -101.512, 2.232 ], [ -101.49, 2.605 ], [ -102.068, 2.635 ], [ -102.193, 3.072 ], [ -102.259, 3.751 ], [ -102.184, 3.778 ], [ -102.659, 7.182 ], [ -102.961, 8.4 ], [ -104.229, 8.34 ], [ -104.258, 8.456 ], [ -104.296, 10.017 ], [ -103.598, 10.123 ], [ -103.875, 11.872 ], [ -103.772, 11.89 ], [ -103.927, 12.587 ], [ -104.437, 14.07 ], [ -104.69, 15.275 ], [ -105.32, 15.108 ], [ -105.399, 17.768 ], [ -105.586, 17.881 ], [ -105.442, 18.355 ], [ -105.247, 18.762 ], [ -104.725, 18.368 ], [ -103.2, 17.616 ], [ -100.867, 16.636 ], [ -99.806, 16.298 ], [ -99.028, 15.919 ], [ -97.217, 15.358 ], [ -96.219, 15.361 ], [ -95.799, 15.277 ], [ -93.309, 13.793 ], [ -92.962, 13.722 ], [ -92.272, 13.223 ], [ -92.063, 13.271 ], [ -90.898, 12.584 ], [ -90.293, 12.543 ], [ -88.319, 11.697 ], [ -87.462, 11.096 ], [ -86.449, 9.938 ] ] ] } },
{ "type": "Feature", "properties": { "Code": "OK" }, "geometry": { "type": "Polygon", "coordinates": [ [ [ 139.429, 34.86 ], [ 139.234, 35.014 ], [ 138.674, 35.034 ], [ 137.894, 36.311 ], [ 137.889, 37.856 ], [ 137.774, 38.982 ], [ 137.845, 39.404 ], [ 138.655, 40.072 ], [ 138.655, 40.474 ], [ 138.756, 40.782 ], [ 138.475, 41.103 ], [ 138.489, 41.482 ], [ 138.743, 41.769 ], [ 138.824, 41.996 ], [ 138.811, 42.766 ], [ 138.801, 43.192 ], [ 138.563, 43.939 ], [ 138.577, 44.295 ], [ 138.85, 44.811 ], [ 139.158, 45.947 ], [ 139.37, 46.224 ], [ 139.938, 46.516 ], [ 142.878, 48.704 ], [ 142.398, 50.857 ], [ 142.849, 53.384 ], [ 142.409, 54.035 ], [ 141.451, 56.188 ], [ 142.187, 59.948 ], [ 146.963, 61.88 ], [ 146.008, 63.587 ], [ 144.932, 65.287 ], [ 149.721, 63.574 ], [ 153.946, 61.721 ], [ 159.367, 61.322 ], [ 163.345, 61.241 ], [ 166.691, 61.414 ], [ 170.743, 61.736 ], [ 169.027, 60.293 ], [ 164.93, 58.897 ], [ 164.518, 58.487 ], [ 162.592, 56.42 ], [ 164.066, 55.209 ], [ 163.282, 54.347 ], [ 162.458, 53.003 ], [ 161.584, 52.654 ], [ 160.945, 52.159 ], [ 160.599, 51.488 ], [ 159.174, 50.155 ], [ 158.121, 49.552 ], [ 155.141, 47.263 ], [ 153.528, 45.897 ], [ 151.419, 44.704 ], [ 149.311, 43.721 ], [ 146.69, 42.362 ], [ 145.71, 41.788 ], [ 144.454, 40.847 ], [ 144.479, 40.549 ], [ 144.283, 40.067 ], [ 144.189, 39.123 ], [ 143.843, 37.71 ], [ 143.275, 36.649 ], [ 142.555, 35.944 ], [ 142.46, 35.673 ], [ 142.067, 35.164 ], [ 141.883, 34.213 ], [ 139.429, 34.86 ] ] ] } },
{ "type": "Feature", "properties": { "Code": "JF" }, "geometry": { "type": "Polygon", "coordinates": [ [ [ -130.212, 51.278 ], [ -129.46, 50.647 ], [ -128.719, 50.31 ], [ -128.414, 50.086 ], [ -128.283, 49.885 ], [ -128.029, 49.781 ], [ -127.852, 49.491 ], [ -127.818, 49.08 ], [ -127.608, 48.877 ], [ -127.018, 48.565 ], [ -126.733, 48.291 ], [ -126.085, 47.35 ], [ -125.435, 45.104 ], [ -125.362, 44.066 ], [ -125.45, 43.925 ], [ -125.474, 43.426 ], [ -125.289, 43.051 ], [ -125.268, 42.561 ], [ -125.198, 42.492 ], [ -125.331, 42.142 ], [ -125.309, 41.652 ], [ -124.933, 40.884 ], [ -124.953, 40.633 ], [ -124.742, 40.313 ], [ -127.579, 40.45 ], [ -127.579, 40.539 ], [ -127.717, 40.573 ], [ -127.56, 41.589 ], [ -127.446, 41.555 ], [ -127.241, 41.692 ], [ -127.039, 42.357 ], [ -126.627, 43.014 ], [ -130.48, 44.589 ], [ -130.367, 44.93 ], [ -130.069, 45.285 ], [ -130.187, 45.414 ], [ -129.869, 45.896 ], [ -130.073, 45.943 ], [ -130.051, 46.196 ], [ -129.917, 46.229 ], [ -129.803, 46.433 ], [ -129.572, 46.402 ], [ -128.938, 47.727 ], [ -129.19, 47.835 ], [ -128.94, 48.324 ], [ -129.147, 48.476 ], [ -128.919, 48.869 ], [ -130.501, 49.479 ], [ -130.162, 49.983 ], [ -130.3, 50.055 ], [ -130.162, 50.217 ], [ -130.329, 50.298 ], [ -130.254, 50.465 ], [ -131.074, 51.185 ], [ -130.85, 51.612 ], [ -130.212, 51.278 ] ] ] } },
{ "type": "Feature", "properties": { "Code": "AP" }, "geometry": { "type": "Polygon", "coordinates": [ [ [ -73.274, -12.486 ], [ -72.036, -12.348 ], [ -68.59, -13.527 ], [ -67.423, -14.527 ], [ -67.218, -15.078 ], [ -66.17, -16.348 ], [ -65.419, -17.11 ], [ -64.585, -17.402 ], [ -63.856, -17.464 ], [ -63.836, -17.878 ], [ -63.396, -18.872 ], [ -63.176, -20.15 ], [ -63.545, -21.368 ], [ -66.123, -21.5 ], [ -70.062, -21.5 ], [ -71.307, -21.965 ], [ -71.249, -21.262 ], [ -71.362, -20.249 ], [ -71.746, -19.298 ], [ -72.737, -18.257 ], [ -75.292, -16.33 ], [ -75.916, -15.735 ], [ -73.274, -12.486 ] ] ] } },
{ "type": "Feature", "properties": { "Code": "ND" }, "geometry": { "type": "Polygon", "coordinates": [ [ [ -78.195, 6.461 ], [ -78.747, 7.031 ], [ -78.715, 7.232 ], [ -78.646, 7.337 ], [ -78.228, 7.51 ], [ -77.533, 8.012 ], [ -77.149, 8.19 ], [ -76.906, 8.443 ], [ -76.684, 8.731 ], [ -76.703, 9.761 ], [ -76.594, 10.09 ], [ -76.064, 10.765 ], [ -75.905, 11.087 ], [ -75.123, 11.765 ], [ -74.476, 12.021 ], [ -74.058, 12.386 ], [ -73.632, 13.058 ], [ -73.303, 13.29 ], [ -71.195, 13.503 ], [ -70.659, 13.31 ], [ -69.594, 12.45 ], [ -68.086, 10.815 ], [ -67.961, 10.5 ], [ -68.506, 10.502 ], [ -69.297, 10.121 ], [ -70.514, 9.014 ], [ -71.696, 8.342 ], [ -72.091, 7.903 ], [ -72.437, 7.7 ], [ -72.064, 7.323 ], [ -72.05, 7.03 ], [ -71.889, 6.681 ], [ -71.924, 6.262 ], [ -72.079, 6.046 ], [ -72.198, 5.537 ], [ -72.353, 5.264 ], [ -72.633, 5.118 ], [ -73.13, 4.413 ], [ -73.592, 4.168 ], [ -73.78, 3.979 ], [ -73.926, 3.56 ], [ -74.345, 3.294 ], [ -75.21, 2.498 ], [ -75.989, 1.618 ], [ -77.332, 0.899 ], [ -77.707, 0.586 ], [ -78.005, 0.148 ], [ -78.437, -0.748 ], [ -78.929, -1.994 ], [ -79.497, -2.472 ], [ -80.977, -3.264 ], [ -81.599, -3.245 ], [ -81.652, -3.0 ], [ -81.532, -2.437 ], [ -81.598, -1.814 ], [ -81.229, -0.284 ], [ -80.292, 1.549 ], [ -78.662, 3.392 ], [ -78.342, 4.066 ], [ -77.91, 5.505 ], [ -78.195, 6.461 ] ] ] } },
{ "type": "Feature", "properties": { "Code": "ON" }, "geometry": { "type": "Polygon", "coordinates": [ [ [ 127.398, 24.503 ], [ 126.426, 23.761 ], [ 125.954, 23.498 ], [ 125.55, 23.38 ], [ 123.01, 23.469 ], [ 122.501, 23.643 ], [ 121.779, 24.255 ], [ 121.575, 24.691 ], [ 122.554, 25.065 ], [ 123.182, 24.86 ], [ 123.721, 24.899 ], [ 123.755, 25.017 ], [ 124.705, 25.12 ], [ 124.697, 25.475 ], [ 125.736, 25.644 ], [ 125.663, 25.927 ], [ 126.065, 26.123 ], [ 126.82, 26.811 ], [ 126.745, 27.006 ], [ 127.417, 27.486 ], [ 127.347, 27.662 ], [ 128.557, 28.401 ], [ 128.321, 28.708 ], [ 129.055, 29.355 ], [ 128.646, 29.893 ], [ 128.881, 30.104 ], [ 128.848, 30.387 ], [ 129.032, 30.585 ], [ 128.819, 31.025 ], [ 129.442, 31.793 ], [ 129.768, 32.042 ], [ 130.835, 31.982 ], [ 131.717, 31.761 ], [ 132.824, 30.754 ], [ 131.76, 29.392 ], [ 131.628, 28.987 ], [ 131.309, 28.451 ], [ 130.649, 28.136 ], [ 130.523, 27.709 ], [ 129.785, 26.671 ], [ 129.36, 26.191 ], [ 127.398, 24.503 ] ] ] } },
{ "type": "Feature", "properties": { "Code": "PS" }, "geometry": { "type": "Polygon", "coordinates": [ [ [ 133.5, 31.515 ], [ 134.042, 31.882 ], [ 134.691, 32.2 ], [ 137.03, 33.053 ], [ 138.066, 33.75 ], [ 138.383, 34.059 ], [ 138.674, 35.034 ], [ 139.234, 35.014 ], [ 139.429, 34.86 ], [ 141.883, 34.213 ], [ 141.858, 33.704 ], [ 142.012, 33.253 ], [ 141.994, 32.558 ], [ 142.224, 30.711 ], [ 142.473, 30.128 ], [ 142.507, 29.621 ], [ 143.002, 28.519 ], [ 143.243, 27.463 ], [ 143.231, 26.329 ], [ 143.075, 25.612 ], [ 143.096, 24.909 ], [ 143.522, 24.391 ], [ 142.257, 23.009 ], [ 143.15, 21.928 ], [ 143.321, 21.061 ], [ 143.281, 20.962 ], [ 143.575, 20.397 ], [ 143.842, 20.418 ], [ 144.137, 19.753 ], [ 144.252, 19.725 ], [ 144.543, 19.073 ], [ 144.706, 18.02 ], [ 144.97, 17.535 ], [ 144.671, 17.42 ], [ 144.841, 16.478 ], [ 144.799, 15.653 ], [ 144.453, 15.526 ], [ 144.53, 14.917 ], [ 144.334, 14.885 ], [ 144.216, 14.656 ], [ 144.082, 14.639 ], [ 143.903, 13.624 ], [ 143.662, 13.058 ], [ 143.143, 12.265 ], [ 143.097, 11.569 ], [ 142.961, 11.403 ], [ 142.122, 11.285 ], [ 141.608, 11.058 ], [ 140.772, 10.858 ], [ 140.1, 10.946 ], [ 139.483, 10.901 ], [ 138.813, 11.121 ], [ 138.574, 9.953 ], [ 138.309, 9.196 ], [ 137.982, 8.534 ], [ 137.529, 7.871 ], [ 136.183, 6.989 ], [ 135.415, 6.895 ], [ 134.521, 6.99 ], [ 133.989, 6.333 ], [ 133.429, 5.962 ], [ 133.308, 5.734 ], [ 133.189, 5.016 ], [ 133.032, 4.788 ], [ 132.79, 4.12 ], [ 132.74, 3.698 ], [ 132.85, 2.908 ], [ 132.72, 1.165 ], [ 132.515, 0.017 ], [ 131.102, 0.266 ], [ 129.197, 1.059 ], [ 129.217, 2.671 ], [ 128.151, 4.763 ], [ 127.836, 5.224 ], [ 127.498, 5.474 ], [ 127.459, 5.897 ], [ 127.25, 6.447 ], [ 127.219, 8.136 ], [ 126.573, 10.296 ], [ 126.214, 11.06 ], [ 126.24, 11.63 ], [ 126.137, 12.265 ], [ 125.686, 12.818 ], [ 124.891, 14.704 ], [ 119.255, 16.556 ], [ 119.161, 17.629 ], [ 119.279, 18.201 ], [ 119.795, 18.878 ], [ 120.441, 19.937 ], [ 120.502, 20.255 ], [ 120.29, 20.631 ], [ 120.452, 21.632 ], [ 120.36, 23.198 ], [ 120.546, 23.979 ], [ 120.981, 24.654 ], [ 121.335, 24.963 ], [ 121.575, 24.691 ], [ 121.779, 24.255 ], [ 122.501, 23.643 ], [ 123.01, 23.469 ], [ 125.55, 23.38 ], [ 125.954, 23.498 ], [ 126.901, 24.101 ], [ 129.36, 26.191 ], [ 130.211, 27.214 ], [ 130.523, 27.709 ], [ 130.649, 28.136 ], [ 131.309, 28.451 ], [ 131.628, 28.987 ], [ 131.76, 29.392 ], [ 133.5, 31.515 ] ] ] } },
{ "type": "Feature", "properties": { "Code": "AM" }, "geometry": { "type": "Polygon", "coordinates": [ [ [ 131.717, 31.761 ], [ 130.835, 31.982 ], [ 129.768, 32.042 ], [ 129.442, 31.793 ], [ 128.812, 31.601 ], [ 127.655, 31.362 ], [ 126.404, 31.227 ], [ 125.03, 31.196 ], [ 123.867, 31.326 ], [ 123.364, 31.471 ], [ 126.263, 34.252 ], [ 126.101, 36.718 ], [ 125.723, 38.365 ], [ 125.019, 40.2 ], [ 122.732, 42.188 ], [ 120.848, 41.039 ], [ 117.638, 39.843 ], [ 116.379, 40.268 ], [ 115.235, 40.921 ], [ 113.542, 41.399 ], [ 112.287, 40.645 ], [ 109.693, 42.07 ], [ 109.041, 42.637 ], [ 107.205, 43.655 ], [ 106.304, 46.318 ], [ 105.375, 50.143 ], [ 104.42, 51.427 ], [ 108.393, 53.401 ], [ 109.0, 54.899 ], [ 109.758, 55.762 ], [ 110.924, 56.221 ], [ 116.382, 56.618 ], [ 119.918, 57.316 ], [ 125.499, 57.13 ], [ 129.798, 56.013 ], [ 131.688, 55.702 ], [ 133.65, 55.273 ], [ 136.61, 54.83 ], [ 140.145, 54.103 ], [ 142.409, 54.035 ], [ 142.849, 53.384 ], [ 142.398, 50.857 ], [ 142.878, 48.704 ], [ 139.938, 46.516 ], [ 139.37, 46.224 ], [ 139.158, 45.947 ], [ 138.85, 44.811 ], [ 138.577, 44.295 ], [ 138.563, 43.939 ], [ 138.801, 43.192 ], [ 138.811, 42.766 ], [ 138.824, 41.996 ], [ 138.743, 41.769 ], [ 138.489, 41.482 ], [ 138.475, 41.103 ], [ 138.756, 40.782 ], [ 138.655, 40.474 ], [ 138.655, 40.072 ], [ 137.845, 39.404 ], [ 137.774, 38.982 ], [ 137.889, 37.856 ], [ 137.894, 36.311 ], [ 138.674, 35.034 ], [ 138.383, 34.059 ], [ 138.066, 33.75 ], [ 137.03, 33.053 ], [ 134.691, 32.2 ], [ 134.042, 31.882 ], [ 133.5, 31.515 ], [ 132.824, 30.754 ], [ 131.717, 31.761 ] ] ] } },
{ "type": "Feature", "properties": { "Code": "CL" }, "geometry": { "type": "Polygon", "coordinates": [ [ [ 140.579, 8.666 ], [ 143.558, 6.805 ], [ 145.067, 6.503 ], [ 146.001, 6.16 ], [ 146.382, 5.883 ], [ 147.772, 4.393 ], [ 148.694, 3.137 ], [ 148.7, 1.487 ], [ 149.112, 0.406 ], [ 149.27, -0.65 ], [ 148.724, -0.392 ], [ 147.859, -0.426 ], [ 147.354, -0.275 ], [ 145.919, -0.349 ], [ 145.033, -0.534 ], [ 143.26, -1.16 ], [ 142.922, -1.454 ], [ 142.246, -2.693 ], [ 141.868, -2.398 ], [ 141.195, -2.167 ], [ 140.837, -1.893 ], [ 140.226, -1.767 ], [ 138.793, -1.159 ], [ 138.674, -0.82 ], [ 137.435, -0.616 ], [ 136.451, -0.228 ], [ 135.656, -0.023 ], [ 134.938, 0.421 ], [ 133.327, -0.146 ], [ 132.515, 0.017 ], [ 132.72, 1.165 ], [ 132.85, 2.908 ], [ 132.74, 3.698 ], [ 132.79, 4.12 ], [ 133.032, 4.788 ], [ 133.189, 5.016 ], [ 133.308, 5.734 ], [ 133.429, 5.962 ], [ 133.989, 6.333 ], [ 134.521, 6.99 ], [ 135.415, 6.895 ], [ 136.183, 6.989 ], [ 137.529, 7.871 ], [ 137.982, 8.534 ], [ 138.359, 9.379 ], [ 140.579, 8.666 ] ] ] } },
{ "type": "Feature", "properties": { "Code": "MA" }, "geometry": { "type": "Polygon", "coordinates": [ [ [ 143.143, 12.265 ], [ 143.771, 13.268 ], [ 143.903, 13.624 ], [ 144.082, 14.639 ], [ 144.216, 14.656 ], [ 144.334, 14.885 ], [ 144.53, 14.917 ], [ 144.453, 15.526 ], [ 144.799, 15.653 ], [ 144.841, 16.478 ], [ 144.671, 17.42 ], [ 144.97, 17.535 ], [ 144.706, 18.02 ], [ 144.543, 19.073 ], [ 144.252, 19.725 ], [ 144.137, 19.753 ], [ 143.842, 20.418 ], [ 143.575, 20.397 ], [ 143.281, 20.962 ], [ 143.321, 21.061 ], [ 143.15, 21.928 ], [ 142.257, 23.009 ], [ 143.522, 24.391 ], [ 144.022, 23.764 ], [ 145.292, 22.712 ], [ 146.062, 22.202 ], [ 146.545, 21.73 ], [ 146.822, 21.331 ], [ 147.82, 18.647 ], [ 147.856, 17.283 ], [ 147.684, 15.653 ], [ 147.201, 14.216 ], [ 146.752, 13.363 ], [ 145.691, 12.647 ], [ 145.349, 12.314 ], [ 143.503, 11.494 ], [ 143.097, 11.569 ], [ 143.143, 12.265 ] ] ] } },
{ "type": "Feature", "properties": { "Code": "FT" }, "geometry": { "type": "Polygon", "coordinates": [ [ [ -178.264, -15.325 ], [ -179.444, -15.527 ], [ -179.288, -14.936 ], [ -179.048, -14.927 ], [ -178.888, -14.224 ], [ -178.768, -14.23 ], [ -178.733, -13.986 ], [ -177.746, -14.646 ], [ -177.415, -14.706 ], [ -176.346, -14.634 ], [ -176.341, -15.184 ], [ -176.462, -15.419 ], [ -176.66, -15.604 ], [ -178.264, -15.325 ] ] ] } },
{ "type": "Feature", "properties": { "Code": "SC" }, "geometry": { "type": "Polygon", "coordinates": [ [ [ -74.035, -52.911 ], [ -72.082, -53.718 ], [ -68.989, -54.43 ], [ -65.871, -54.318 ], [ -60.532, -53.673 ], [ -59.246, -53.598 ], [ -56.457, -53.649 ], [ -53.382, -53.209 ], [ -52.176, -52.873 ], [ -50.671, -52.71 ], [ -49.163, -52.664 ], [ -47.663, -52.691 ], [ -45.191, -52.931 ], [ -41.597, -54.154 ], [ -37.81, -55.086 ], [ -36.846, -55.215 ], [ -36.108, -55.642 ], [ -34.591, -55.729 ], [ -33.058, -55.458 ], [ -33.355, -54.86 ], [ -33.734, -54.46 ], [ -32.367, -54.585 ], [ -29.488, -55.033 ], [ -29.815, -55.327 ], [ -29.817, -55.683 ], [ -30.316, -55.754 ], [ -30.378, -56.443 ], [ -30.721, -56.449 ], [ -30.743, -56.57 ], [ -30.743, -56.859 ], [ -30.469, -56.851 ], [ -30.38, -57.094 ], [ -30.129, -57.095 ], [ -30.069, -57.599 ], [ -29.852, -57.598 ], [ -29.844, -58.262 ], [ -30.007, -58.272 ], [ -29.951, -58.805 ], [ -29.563, -58.817 ], [ -29.555, -59.514 ], [ -30.107, -59.515 ], [ -30.031, -59.937 ], [ -29.598, -60.435 ], [ -27.705, -60.467 ], [ -27.697, -60.617 ], [ -32.367, -60.409 ], [ -36.418, -61.392 ], [ -39.093, -61.018 ], [ -39.827, -60.634 ], [ -41.214, -60.975 ], [ -42.067, -60.501 ], [ -46.963, -59.96 ], [ -48.251, -59.968 ], [ -50.887, -60.094 ], [ -51.119, -60.572 ], [ -53.122, -61.037 ], [ -54.301, -61.51 ], [ -54.309, -60.978 ], [ -55.067, -60.763 ], [ -55.81, -60.7 ], [ -56.269, -60.742 ], [ -56.925, -60.565 ], [ -58.223, -59.999 ], [ -61.04, -59.01 ], [ -63.571, -58.359 ], [ -64.617, -57.959 ], [ -67.102, -57.502 ], [ -68.097, -57.072 ], [ -70.401, -56.622 ], [ -71.548, -56.255 ], [ -72.995, -55.665 ], [ -74.749, -54.645 ], [ -75.72, -53.941 ], [ -76.312, -52.928 ], [ -76.483, -52.068 ], [ -74.035, -52.911 ] ] ] } },
{ "type": "Feature", "properties": { "Code": "SL" }, "geometry": { "type": "Polygon", "coordinates": [ [ [ -56.269, -60.742 ], [ -55.81, -60.7 ], [ -55.067, -60.763 ], [ -54.309, -60.978 ], [ -54.301, -61.51 ], [ -55.436, -61.687 ], [ -56.306, -62.063 ], [ -61.75, -63.293 ], [ -62.42, -63.001 ], [ -63.292, -62.825 ], [ -63.969, -62.422 ], [ -60.65, -61.363 ], [ -59.836, -61.177 ], [ -57.494, -60.855 ], [ -56.925, -60.565 ], [ -56.269, -60.742 ] ] ] } },
{ "type": "Feature", "properties": { "Code": "AS" }, "geometry": { "type": "Polygon", "coordinates": [ [ [ 28.779, 35.312 ], [ 27.685, 34.706 ], [ 27.227, 34.335 ], [ 26.465, 34.198 ], [ 24.593, 34.34 ], [ 23.874, 34.628 ], [ 22.866, 35.437 ], [ 21.893, 35.933 ], [ 21.327, 36.629 ], [ 20.76, 37.098 ], [ 20.3, 37.804 ], [ 20.282, 38.115 ], [ 20.437, 38.471 ], [ 22.727, 38.271 ], [ 24.002, 39.918 ], [ 25.417, 40.156 ], [ 25.861, 39.708 ], [ 26.61, 39.298 ], [ 27.672, 38.499 ], [ 28.2, 37.965 ], [ 28.278, 37.757 ], [ 28.255, 37.269 ], [ 28.411, 36.983 ], [ 28.789, 36.361 ], [ 29.731, 35.427 ], [ 28.779, 35.312 ] ] ] } },
{ "type": "Feature", "properties": { "Code": "AT" }, "geometry": { "type": "Polygon", "coordinates": [ [ [ 27.256, 40.789 ], [ 27.568, 40.64 ], [ 27.987, 40.618 ], [ 30.007, 40.768 ], [ 30.775, 40.601 ], [ 31.116, 40.615 ], [ 34.286, 41.159 ], [ 34.832, 41.123 ], [ 37.062, 40.6 ], [ 39.892, 39.703 ], [ 41.002, 39.08 ], [ 40.624, 38.857 ], [ 40.163, 38.768 ], [ 38.042, 37.994 ], [ 36.79, 37.398 ], [ 36.467, 36.73 ], [ 36.413, 36.023 ], [ 35.791, 35.689 ], [ 33.735, 34.302 ], [ 33.101, 34.29 ], [ 32.172, 34.487 ], [ 30.221, 35.154 ], [ 29.731, 35.427 ], [ 28.789, 36.361 ], [ 28.411, 36.983 ], [ 28.255, 37.269 ], [ 28.278, 37.757 ], [ 28.2, 37.965 ], [ 27.672, 38.499 ], [ 26.61, 39.298 ], [ 25.861, 39.708 ], [ 25.417, 40.156 ], [ 27.256, 40.789 ] ] ] } },
{ "type": "Feature", "properties": { "Code": "YA" }, "geometry": { "type": "Polygon", "coordinates": [ [ [ 112.038, 21.831 ], [ 107.681, 23.456 ], [ 106.018, 25.238 ], [ 105.419, 26.355 ], [ 104.942, 27.878 ], [ 105.399, 28.79 ], [ 107.133, 29.713 ], [ 110.806, 30.842 ], [ 111.615, 31.66 ], [ 111.651, 32.843 ], [ 113.599, 34.854 ], [ 114.96, 34.828 ], [ 117.284, 32.968 ], [ 119.001, 31.376 ], [ 119.711, 31.199 ], [ 121.027, 31.581 ], [ 123.364, 31.471 ], [ 123.867, 31.326 ], [ 125.03, 31.196 ], [ 126.404, 31.227 ], [ 128.258, 31.471 ], [ 129.442, 31.793 ], [ 128.819, 31.025 ], [ 129.032, 30.585 ], [ 128.848, 30.387 ], [ 128.881, 30.104 ], [ 128.646, 29.893 ], [ 129.055, 29.355 ], [ 128.321, 28.708 ], [ 128.557, 28.401 ], [ 127.347, 27.662 ], [ 127.417, 27.486 ], [ 126.745, 27.006 ], [ 126.82, 26.811 ], [ 126.065, 26.123 ], [ 125.663, 25.927 ], [ 125.736, 25.644 ], [ 124.697, 25.475 ], [ 124.705, 25.12 ], [ 123.755, 25.017 ], [ 123.721, 24.899 ], [ 123.182, 24.86 ], [ 122.554, 25.065 ], [ 121.575, 24.691 ], [ 121.335, 24.963 ], [ 120.981, 24.654 ], [ 120.546, 23.979 ], [ 120.36, 23.198 ], [ 120.452, 21.632 ], [ 119.618, 22.269 ], [ 118.958, 22.003 ], [ 118.484, 22.107 ], [ 118.045, 21.498 ], [ 117.864, 20.72 ], [ 117.145, 19.94 ], [ 115.494, 19.687 ], [ 114.926, 19.341 ], [ 114.0, 18.438 ], [ 112.038, 21.831 ] ] ] } },
{ "type": "Feature", "properties": { "Code": "BU" }, "geometry": { "type": "Polygon", "coordinates": [ [ [ 96.503, 14.129 ], [ 95.857, 13.783 ], [ 94.807, 11.188 ], [ 94.024, 10.17 ], [ 94.415, 9.27 ], [ 93.986, 9.019 ], [ 94.775, 7.847 ], [ 94.46, 7.603 ], [ 94.883, 7.139 ], [ 94.498, 6.837 ], [ 95.435, 5.715 ], [ 96.567, 4.644 ], [ 96.783, 2.185 ], [ 96.743, 1.763 ], [ 96.202, 1.345 ], [ 95.542, 1.882 ], [ 94.979, 2.104 ], [ 94.405, 2.457 ], [ 93.754, 3.048 ], [ 93.227, 3.716 ], [ 92.665, 5.005 ], [ 92.278, 6.948 ], [ 91.903, 7.663 ], [ 91.651, 8.656 ], [ 91.533, 9.604 ], [ 91.591, 11.3 ], [ 91.889, 13.154 ], [ 92.068, 13.715 ], [ 92.517, 14.384 ], [ 93.368, 15.353 ], [ 94.209, 15.77 ], [ 95.095, 15.813 ], [ 95.912, 15.535 ], [ 96.406, 15.136 ], [ 96.503, 14.129 ] ] ] } },
{ "type": "Feature", "properties": { "Code": "RI" }, "geometry": { "type": "Polygon", "coordinates": [ [ [ -107.928, 21.686 ], [ -106.89, 21.799 ], [ -106.757, 21.483 ], [ -106.442, 21.121 ], [ -106.271, 19.916 ], [ -105.739, 19.164 ], [ -105.247, 18.762 ], [ -105.586, 17.881 ], [ -106.308, 17.929 ], [ -106.244, 18.52 ], [ -107.002, 18.647 ], [ -108.233, 19.107 ], [ -108.198, 19.224 ], [ -108.896, 19.55 ], [ -108.903, 19.626 ], [ -109.45, 20.027 ], [ -109.215, 20.397 ], [ -109.261, 20.643 ], [ -108.809, 21.253 ], [ -108.977, 21.347 ], [ -108.936, 21.451 ], [ -108.582, 21.905 ], [ -107.928, 21.686 ] ] ] } },
{ "type": "Feature", "properties": { "Code": "BH" }, "geometry": { "type": "Polygon", "coordinates": [ [ [ 131.102, 0.266 ], [ 133.327, -0.146 ], [ 134.938, 0.421 ], [ 135.656, -0.023 ], [ 136.451, -0.228 ], [ 137.435, -0.616 ], [ 138.674, -0.82 ], [ 138.972, -1.607 ], [ 138.003, -1.9 ], [ 136.931, -2.493 ], [ 135.262, -3.849 ], [ 134.966, -4.298 ], [ 134.488, -4.437 ], [ 133.906, -4.812 ], [ 132.717, -4.44 ], [ 131.915, -3.429 ], [ 131.063, -2.868 ], [ 130.107, -2.519 ], [ 128.383, -2.286 ], [ 127.666, -1.758 ], [ 125.969, -0.278 ], [ 125.969, 0.19 ], [ 126.144, 1.001 ], [ 126.426, 1.706 ], [ 126.872, 2.346 ], [ 128.081, 2.29 ], [ 128.187, 1.974 ], [ 128.752, 1.623 ], [ 129.197, 1.059 ], [ 131.102, 0.266 ] ] ] } },
{ "type": "Feature", "properties": { "Code": "MS" }, "geometry": { "type": "Polygon", "coordinates": [ [ [ 125.969, -0.278 ], [ 127.666, -1.758 ], [ 127.667, -2.447 ], [ 127.325, -3.719 ], [ 126.963, -4.188 ], [ 125.901, -4.754 ], [ 124.662, -4.824 ], [ 123.458, -4.576 ], [ 123.706, -3.941 ], [ 123.672, -3.094 ], [ 123.424, -2.846 ], [ 121.234, -1.959 ], [ 120.388, -1.461 ], [ 119.896, -0.859 ], [ 119.475, -0.081 ], [ 119.249, 0.714 ], [ 119.306, 1.577 ], [ 119.696, 2.033 ], [ 120.189, 2.208 ], [ 120.824, 2.311 ], [ 122.48, 2.377 ], [ 123.219, 2.024 ], [ 123.43, 2.006 ], [ 123.535, 1.354 ], [ 124.01, 0.437 ], [ 124.416, 0.013 ], [ 125.263, -0.446 ], [ 125.969, 0.19 ], [ 125.969, -0.278 ] ] ] } },
{ "type": "Feature", "properties": { "Code": "BS" }, "geometry": { "type": "Polygon", "coordinates": [ [ [ 127.667, -2.447 ], [ 127.666, -1.758 ], [ 128.383, -2.286 ], [ 130.107, -2.519 ], [ 131.063, -2.868 ], [ 131.915, -3.429 ], [ 132.717, -4.44 ], [ 133.906, -4.812 ], [ 133.449, -5.344 ], [ 133.982, -5.641 ], [ 133.686, -6.348 ], [ 132.689, -6.681 ], [ 131.577, -6.642 ], [ 130.443, -6.717 ], [ 129.236, -6.334 ], [ 127.393, -7.184 ], [ 126.755, -7.185 ], [ 124.235, -7.784 ], [ 122.673, -7.853 ], [ 121.891, -8.062 ], [ 121.253, -7.99 ], [ 120.543, -7.812 ], [ 120.62, -6.122 ], [ 120.516, -5.276 ], [ 120.341, -4.64 ], [ 119.565, -3.966 ], [ 118.823, -3.61 ], [ 118.578, -3.255 ], [ 118.723, -2.408 ], [ 119.475, -0.081 ], [ 119.896, -0.859 ], [ 120.388, -1.461 ], [ 121.234, -1.959 ], [ 123.424, -2.846 ], [ 123.672, -3.094 ], [ 123.706, -3.941 ], [ 123.458, -4.576 ], [ 124.662, -4.824 ], [ 125.901, -4.754 ], [ 126.963, -4.188 ], [ 127.325, -3.719 ], [ 127.667, -2.447 ] ] ] } },
{ "type": "Feature", "properties": { "Code": "MN" }, "geometry": { "type": "Polygon", "coordinates": [ [ [ 151.095, -3.806 ], [ 150.987, -3.692 ], [ 150.24, -3.903 ], [ 149.817, -3.617 ], [ 150.135, -3.274 ], [ 150.616, -3.047 ], [ 150.732, -3.295 ], [ 151.301, -3.656 ], [ 151.095, -3.806 ] ] ] } },
{ "type": "Feature", "properties": { "Code": "CR" }, "geometry": { "type": "Polygon", "coordinates": [ [ [ 174.503, -16.563 ], [ 174.885, -16.873 ], [ 175.381, -16.629 ], [ 176.184, -16.552 ], [ 175.973, -17.804 ], [ 176.336, -17.823 ], [ 176.342, -18.038 ], [ 176.215, -18.319 ], [ 176.212, -18.611 ], [ 175.922, -19.08 ], [ 175.839, -19.445 ], [ 175.559, -19.755 ], [ 175.59, -20.189 ], [ 176.121, -21.165 ], [ 174.034, -22.488 ], [ 174.119, -21.148 ], [ 173.379, -21.14 ], [ 173.335, -20.086 ], [ 173.447, -18.774 ], [ 173.425, -18.52 ], [ 173.251, -18.532 ], [ 173.88, -17.163 ], [ 173.901, -16.849 ], [ 174.503, -16.563 ] ] ] } },
{ "type": "Feature", "properties": { "Code": "BR" }, "geometry": { "type": "Polygon", "coordinates": [ [ [ 175.947, -13.422 ], [ 176.021, -13.643 ], [ 176.966, -13.853 ], [ 179.389, -14.975 ], [ 180.0, -15.362 ], [ 180.0, -15.621 ], [ 178.562, -15.897 ], [ 178.491, -16.092 ], [ 177.876, -16.222 ], [ 177.4, -16.212 ], [ 177.345, -16.302 ], [ 177.414, -16.3 ], [ 177.412, -16.51 ], [ 175.612, -16.586 ], [ 174.885, -16.873 ], [ 174.503, -16.563 ], [ 173.901, -16.849 ], [ 173.788, -16.798 ], [ 173.455, -16.259 ], [ 173.567, -16.151 ], [ 173.4, -15.779 ], [ 173.555, -15.697 ], [ 173.539, -15.605 ], [ 173.388, -15.361 ], [ 173.139, -14.51 ], [ 172.571, -13.411 ], [ 173.671, -13.517 ], [ 173.941, -13.295 ], [ 174.661, -13.415 ], [ 175.314, -13.244 ], [ 175.947, -13.422 ] ] ] } },
{ "type": "Feature", "properties": { "Code": "BR" }, "geometry": { "type": "Polygon", "coordinates": [ [ [ -180.0, -15.362 ], [ -179.739, -15.542 ], [ -180.0, -15.621 ], [ -180.0, -15.362 ] ] ] } },
{ "type": "Feature", "properties": { "Code": "EA" }, "geometry": { "type": "Polygon", "coordinates": [ [ [ -113.61, -22.126 ], [ -113.28, -22.223 ], [ -112.208, -22.821 ], [ -111.741, -23.209 ], [ -111.871, -23.327 ], [ -111.713, -24.032 ], [ -112.098, -24.11 ], [ -111.978, -25.027 ], [ -112.453, -25.059 ], [ -112.364, -25.664 ], [ -112.541, -25.787 ], [ -112.55, -25.926 ], [ -112.672, -26.038 ], [ -112.684, -26.801 ], [ -112.947, -26.724 ], [ -112.976, -26.83 ], [ -113.944, -26.79 ], [ -115.105, -26.604 ], [ -116.353, -25.416 ], [ -116.49, -25.172 ], [ -116.099, -24.847 ], [ -116.225, -24.556 ], [ -116.184, -24.458 ], [ -115.968, -24.383 ], [ -115.912, -24.242 ], [ -115.402, -24.017 ], [ -115.599, -23.468 ], [ -115.254, -23.397 ], [ -115.183, -23.237 ], [ -114.962, -23.179 ], [ -114.875, -23.04 ], [ -114.567, -23.024 ], [ -114.505, -22.196 ], [ -114.421, -22.114 ], [ -113.61, -22.126 ] ] ] } },
{ "type": "Feature", "properties": { "Code": "JZ" }, "geometry": { "type": "Polygon", "coordinates": [ [ [ -111.202, -31.564 ], [ -110.687, -31.715 ], [ -109.791, -32.115 ], [ -109.435, -32.4 ], [ -108.972, -32.936 ], [ -109.41, -33.14 ], [ -109.205, -33.702 ], [ -109.27, -33.917 ], [ -109.259, -34.545 ], [ -109.691, -34.609 ], [ -110.527, -35.061 ], [ -110.827, -35.091 ], [ -112.417, -34.556 ], [ -112.628, -33.999 ], [ -112.604, -33.663 ], [ -112.504, -33.65 ], [ -112.46, -33.399 ], [ -112.415, -32.489 ], [ -112.356, -32.328 ], [ -112.151, -32.343 ], [ -112.023, -31.536 ], [ -111.202, -31.564 ] ] ] } },
{ "type": "Feature", "properties": { "Code": "GP" }, "geometry": { "type": "Polygon", "coordinates": [ [ [ -101.49, 2.605 ], [ -101.512, 2.232 ], [ -100.908, 1.743 ], [ -101.153, 1.386 ], [ -101.423, 1.338 ], [ -101.487, 1.389 ], [ -101.58, 1.318 ], [ -101.644, 1.404 ], [ -102.181, 1.134 ], [ -102.262, 1.752 ], [ -102.133, 1.778 ], [ -102.088, 1.903 ], [ -102.068, 2.635 ], [ -101.49, 2.605 ] ] ] } },
{ "type": "Feature", "properties": { "Code": "SW" }, "geometry": { "type": "Polygon", "coordinates": [ [ [ -28.647, -55.005 ], [ -27.604, -55.095 ], [ -26.414, -55.424 ], [ -25.72, -55.84 ], [ -24.233, -57.174 ], [ -23.819, -58.195 ], [ -23.991, -58.921 ], [ -25.069, -59.973 ], [ -26.071, -60.391 ], [ -27.697, -60.617 ], [ -27.705, -60.467 ], [ -29.598, -60.435 ], [ -30.031, -59.937 ], [ -30.107, -59.515 ], [ -29.555, -59.514 ], [ -29.563, -58.817 ], [ -29.951, -58.805 ], [ -30.007, -58.272 ], [ -29.844, -58.262 ], [ -29.852, -57.598 ], [ -30.069, -57.599 ], [ -30.129, -57.095 ], [ -30.38, -57.094 ], [ -30.469, -56.851 ], [ -30.743, -56.859 ], [ -30.743, -56.57 ], [ -30.721, -56.449 ], [ -30.378, -56.443 ], [ -30.316, -55.754 ], [ -29.817, -55.683 ], [ -29.815, -55.327 ], [ -29.488, -55.033 ], [ -28.647, -55.005 ] ] ] } },
{ "type": "Feature", "properties": { "Code": "PM" }, "geometry": { "type": "Polygon", "coordinates": [ [ [ -77.149, 8.19 ], [ -77.533, 8.012 ], [ -78.228, 7.51 ], [ -78.646, 7.337 ], [ -79.24, 7.301 ], [ -80.096, 7.101 ], [ -80.687, 7.415 ], [ -81.342, 7.099 ], [ -82.09, 6.967 ], [ -82.338, 7.251 ], [ -82.811, 7.303 ], [ -83.233, 7.849 ], [ -83.838, 8.182 ], [ -84.158, 8.474 ], [ -85.612, 9.203 ], [ -86.204, 9.684 ], [ -86.648, 10.235 ], [ -85.716, 10.567 ], [ -85.124, 10.653 ], [ -84.073, 10.448 ], [ -83.465, 10.209 ], [ -83.021, 9.873 ], [ -82.313, 9.509 ], [ -81.654, 9.444 ], [ -81.079, 9.935 ], [ -80.365, 10.271 ], [ -79.234, 10.415 ], [ -78.745, 10.653 ], [ -78.229, 10.615 ], [ -77.679, 10.27 ], [ -77.291, 9.9 ], [ -76.924, 9.376 ], [ -76.684, 8.731 ], [ -77.149, 8.19 ] ] ] } }
]
}
